pos	word	meaning
名詞	academy	学院、専門学校
名詞	accident	事故
名詞	acid rain	酸性雨
名詞	action	1. 動き、演技 / 2. 行動、(一時の)行為、行い
名詞	activity	活動
名詞	actor	俳優
名詞	addition	つけ加えること　〔in addition to ～で〕～に加えて
名詞	address	あて名、住所
名詞	adult	大人、成人
名詞	advantage	有利な立場、利点
名詞	adventure	冒険
名詞	advertisement	広告、宣伝
名詞	advice	忠告、助言、アドバイス
名詞	Africa	アフリカ、アフリカ大陸
名詞	afternoon	午後
名詞	age	年齢、歳
名詞	air	空中、空気
名詞	air pollution	大気汚染
名詞	airport	空港
名詞	album	(写真、ＣＤ、レコードなどの) アルバム
名詞	ambulance	救急車
名詞	America	アメリカ合衆国 〔正式名称はthe United States of America〕
名詞	American	アメリカ人、米国人
名詞	amusement park	遊園地
名詞	ancestor	祖先、先祖
名詞	animal	《植物に対して》 動物
名詞	animation	動画、アニメーション
名詞	anime	（日本の）アニメ
名詞	answer	答え、応答、返事
名詞	apartment	アパート
名詞	apple	リンゴ
名詞	April	4月
名詞	aquarium	水族館
名詞	architect	（建物の）建設者、建築家
名詞	area	（大小さまざまの）場所、区域、地域、地方
名詞	arena	競技場、アリーナ
名詞	arm	腕
名詞	arrest	逮捕
名詞	art	1. 美術、芸術 / 2. 技術
名詞	artist	芸術家
名詞	Asia	アジア（大陸）
名詞	astronaut	宇宙飛行士
名詞	attention	注意、注目
名詞	attitude	態度、考え方、見方
名詞	audience	聴衆、観客
名詞	August	8月
名詞	aunt	おば、おばさん
名詞	Australia	オーストラリア
名詞	autumn	秋
名詞	baby	赤ちゃん
名詞	backyard	裏庭
名詞	bag	かばん、バッグ、袋
名詞	balance	つり合い、バランス、（からだや心の）安定
名詞	ball	ボール、球
名詞	balloon	風船
名詞	bamboo	竹
名詞	banana	バナナ
名詞	band	楽団、バンド
名詞	bank	銀行
名詞	barrier	壁、障壁
名詞	baseball	野球
名詞	basketball	バスケットボール
名詞	bat	（野球の）バット
名詞	bath	入浴　 〔take a bath の形で〕 入浴する
名詞	bathroom	トイレ、浴室
名詞	beach	浜、浜辺、海辺、なぎさ
名詞	bear	クマ
名詞	beauty	美しさ
名詞	bed	ベッド 　〔go to bed の形で〕 寝る、床につく
名詞	bedroom	寝室
名詞	beef	牛肉
名詞	bell	鈴、鐘
名詞	belt	ベルト、（ズボンの）バンド、帯
名詞	bench	長いす、ベンチ
名詞	best	最高（のもの）
名詞	bicycle	自転車
名詞	bike	自転車　　〔bicycle ともいう〕
名詞	billion	10億
名詞	bird	鳥
名詞	birthday	誕生日
名詞	black	黒、黒人
名詞	blackboard	黒板
名詞	block	かたまり、ブロック
名詞	blog	(コンピュータ)ブログ
名詞	blossom	(特に果樹の)花
名詞	blue	青
名詞	blueberry	ブルーベリー
名詞	board	板、掲示板、黒板
名詞	boat	ボート、小舟、船
名詞	body	からだ、肉体
名詞	bomb	爆弾
名詞	book	本、書物
名詞	bookcase	本箱
名詞	bookstore	本屋、書店
名詞	border	国境
名詞	bottle	びん
名詞	box	箱
名詞	boy	男の子、少年、青年
名詞	Braille	点字
名詞	branch	1. 支社 / 2. 枝
名詞	Brazil	ブラジル
名詞	bread	パン
名詞	break	休けい、中休み、中断
名詞	breakfast	朝食、朝ごはん
名詞	bridge	橋
名詞	brightness	明るさ
名詞	British	英国人、イギリス人
名詞	brother	兄、弟、兄弟
名詞	brown	茶色
名詞	brush	筆
名詞	bubble	泡、あぶく
名詞	builder	建造者
名詞	building	建物、ビル
名詞	bump	でこぼこ
名詞	burn	やけど
名詞	bus	バス
名詞	business	商売、事業
名詞	butter	バター
名詞	button	ボタン
名詞	buzzer	ブザー
名詞	cacao	カカオ（の実）
名詞	cafeteria	カフェテリア、学食
名詞	cake	ケーキ
名詞	calendar	暦、カレンダー
名詞	call	電話(すること)
名詞	calligraphy	書道
名詞	Cambodia	カンボジア
名詞	camera	カメラ
名詞	can	（金属製の）缶
名詞	Canada	カナダ
名詞	Canberra	キャンベラ（オーストラリアの首都）
名詞	cap	1. ぼうし 《つばがないか、つばが前だけにあるもの》 / 2. びんのふた
名詞	capital	～の首都、中心地
名詞	captain	（チームの）キャプテン
名詞	car	自動車、車
名詞	card	カード、はがき、トランプの札　 〔たとえば play cards の形で〕 トランプをする
名詞	cardboard	段ボール、ボール紙
名詞	care	1. 世話　〔take care of ～の形で〕 ～の面倒をみる / 2. 注意、関心、保護、用心
名詞	career	職業、経歴
名詞	carpenter	大工
名詞	carport	車庫、カーポート
名詞	carrot	ニンジン
名詞	case	1. ケース、箱、～入れ / 2. 場合、実例、実情、事実
名詞	castle	城 〔たとえば Hirosaki Castle の形で〕 弘前城
名詞	cat	ネコ
名詞	catalog	カタログ
名詞	catch	（ボールなどを）とらえること、キャッチボール　　〔play catch の形で〕　キャッチボールをする
名詞	cause	原因
名詞	cave	洞窟、ほら穴、横穴
名詞	CD	CD、コンパクトディスク 〔compact disc ［disk］の略〕
名詞	ceiling	天井
名詞	cell phone	携帯電話
名詞	cent	セント（アメリカ合衆国の通貨。100 cents = 1 dollar）
名詞	center	中心、中央、真ん中
名詞	century	世紀、100年
名詞	chair	（１人用で、背もたれのある） 椅子
名詞	challenge	挑戦、やりがい
名詞	champion	優勝者、選手権保持者、チャンピオン
名詞	championship	選手権（大会）、優勝
名詞	chance	機会、可能性、チャンス
名詞	change	おつり、つり銭、小銭
名詞	character	1. (人の)性格、人格、(物の)特色 / 2. 人物、登場人物
名詞	charity	慈善、チャリティー、慈善団体
名詞	chart	図表
名詞	cheese	チーズ
名詞	cheeseburger	チーズバーガー
名詞	chef	シェフ、コック長
名詞	cherry	サクランボ、サクラ（の木）
名詞	cherry blossom	サクラの花
名詞	chess	チェス
名詞	chest	胸
名詞	child	子ども
名詞	childhood	幼少時代
名詞	children	child の複数形
名詞	chimney	煙突
名詞	China	中国
名詞	Chinese	中国語、中国人
名詞	chocolate	チョコレート
名詞	choice	選ぶこと、選択、選ぶ自由
名詞	chorus	合唱
名詞	Christmas	クリスマス
名詞	church	教会
名詞	circle	円
名詞	city	市、都市、都会 〔city hall の形で〕 市役所
名詞	class	1. 授業 / 2. 学級、組、クラス
名詞	classmate	同級生、クラスメート、級友
名詞	classroom	教室
名詞	clean energy	再生可能エネルギー
名詞	clerk	係員、店員、係
名詞	climate	気候
名詞	clock	時計《置時計、掛け時計・柱時計》
名詞	cloth	布
名詞	clothes	衣服、服
名詞	cloud	雲
名詞	club	クラブ、部
名詞	coach	コーチ
名詞	coat	コート、上着
名詞	coffee	コーヒー
名詞	coin	硬貨、コイン
名詞	cola	コーラ
名詞	cold	かぜ　〔have a cold の形で〕 かぜをひいている
名詞	college	大学
名詞	color	色、肌の色
名詞	comic	マンガ
名詞	comment	コメント
名詞	communication	コミュニケーション、意思伝達、情報の伝達
名詞	community	地域社会
名詞	company	会社
名詞	compartment	もの入れ
名詞	computer	コンピュータ
名詞	concert	コンサート、演奏会、音楽会
名詞	conclusion	結論
名詞	condition	状態、容態、環境、状況
名詞	conditioner	ヘアコンディショナー、リンス
名詞	conditioner	冷暖房装置　〔air conditioner で〕エアコン
名詞	condominium	分譲マンション
名詞	conference	会議、会談、協議
名詞	connection	接続（すること）、つながり、関係
名詞	content	内容、中身
名詞	contest	コンテスト、コンクール
名詞	control	制御　〔out of controlで〕制御しきれなくなって
名詞	convenience	便利なこと（もの）
名詞	convenience store	コンビニエンスストア、コンビニ
名詞	cook	料理をする人
名詞	cooking	料理
名詞	corner	（道路の）曲がり角
名詞	costume	服装、衣装、コスチューム
名詞	cotton	綿
名詞	cough	せき
名詞	country	国
名詞	courage	勇気
名詞	course	1. 〔Of course.の形で〕 もちろん / 2. 方向、進路 / 3. 講座、コース
名詞	court	（テニスなどの）コート
名詞	cousin	いとこ
名詞	cow	牛（雌牛、乳牛）
名詞	cracker	（菓子の）クラッカー
名詞	craftsperson	職人
名詞	crane	ツル
名詞	creativity	創造性[力]、独創[力]
名詞	culture	文化、土壌、習慣、風習、知的産物
名詞	cup	（紅茶・コーヒー用などの）カップ、茶わん、賞杯
名詞	curry	カレー、カレー料理
名詞	cushion	ざぶとん、クッション
名詞	custom	風習、習慣
名詞	customer	客、顧客
名詞	cycling	サイクリング
名詞	dad	パパ、お父さん　《家庭内で子どもが父親を呼ぶのに使う。呼びかけの時にはしばしば大文字で始めて Dad とする。》
名詞	dance	踊り、ダンス
名詞	dancer	踊る人、舞踏家、ダンサー
名詞	danger	危険（な状態）
名詞	date	日付、月日、日時
名詞	daughter	娘
名詞	day	1. 日、1日 / 2. 日中、昼間
名詞	day-at-work program	職業体験プログラム
名詞	death	死、死亡
名詞	decade	10年間
名詞	December	12月
名詞	decision	決断
名詞	degree(s) Celsius	〔5℃ = five degrees Celsius で摂氏5度〕
名詞	democracy	民主主義
名詞	demonstration	（集会・行進などによる〕デモ、デモンストレーション
名詞	dentist	歯医者
名詞	department store	デパート
名詞	design	デザイン、設計
名詞	designer	デザイナー、設計者
名詞	desk	机
名詞	developing country	発展途上国
名詞	diary	日記、日記帳
名詞	dictionary	辞書
名詞	difference	ちがい、相違（点）、差
名詞	difficulty	苦しさ、困難、苦労
名詞	dining	食事
名詞	dinner	ディナー、夕食
名詞	dinosaur	恐竜
名詞	director	(映画)監督
名詞	disaster	災害
名詞	discount	割引
名詞	disease	病気
名詞	dish	1. 皿、食器類 / 2. 一皿、料理
名詞	doctor	医者、医師、博士
名詞	dog	イヌ
名詞	doggy bag	ドギーバッグ
名詞	dollar	ドル　　　《米国・カナダなどの貨幣で、1ドルは100セント》
名詞	dolphin	イルカ
名詞	dome	丸屋根、ドーム
名詞	donut	ドーナツ
名詞	door	戸、ドア、戸口、玄関
名詞	dot	点
名詞	Dr. (Dr)	～博士　Doctorの短縮形
名詞	drama	（テレビの）ドラマ、劇
名詞	dream	夢、希望、理想
名詞	dress	衣装、ドレス
名詞	driftwood	流木
名詞	drill	訓練
名詞	drink	飲み物　　〔たとえば soft drinks の形で〕清涼（せいりょう）飲料
名詞	drinking fountain	水飲み場[器]
名詞	driver	（車を）運転する人、運転手
名詞	driveway	（道から車庫または玄関までの）車道
名詞	drop	しずく
名詞	drugstore	ドラッグストア、薬局
名詞	drum	太鼓、ドラム
名詞	duck	カモ、アヒル
名詞	DVD	デジタルビデオディスク　〔digital video disc ［disk］の略〕
名詞	e-mail (email)	Eメール、電子メール
名詞	ear	耳
名詞	earth	地球　〔the をつけないで、Earth と大文字ではじめることもある〕
名詞	earthquake	地震
名詞	east	東
名詞	effort	努力
名詞	egg	卵、玉子
名詞	eight	8
名詞	eighteen	18
名詞	eighteenth	18番め、（月の）18日
名詞	eighth	8番め、（月の）8日
名詞	eighty	80
名詞	electricity	電気
名詞	elementary school	小学校
名詞	elephant	ゾウ
名詞	elevator	エレベーター
名詞	eleven	11
名詞	eleventh	11番め、（月の）１１日
名詞	emergency	緊急事態、非常時
名詞	end	終わり、最後、端
名詞	endangered animal	絶滅の危機にひんしている動物
名詞	ending	終わり、結末、エンディング
名詞	energy	エネルギー
名詞	engineer	技師、エンジニア
名詞	engineering	工学
名詞	England	イングランド
名詞	English	英語
名詞	entertainment	娯楽
名詞	entrance	入り口、玄関
名詞	environment	環境
名詞	era	時代　〔Nara era で〕奈良時代
名詞	eraser	消しゴム
名詞	Europe	ヨーロッパ
名詞	evacuation	避難
名詞	evening	夕方、晩、夜 《通例、日没から寝る時間までを言う》
名詞	event	行事、出来事、イベント
名詞	exam	試験
名詞	example	例、実例　〔for example の形で〕たとえば
名詞	exhibition	展覧会
名詞	experience	経験
名詞	expert	専門家、エキスパート
名詞	express	急行列車、速達便
名詞	expression	表現、言い回し、（顔などの）表情
名詞	eye	目、視力、視線
名詞	eyesight	視力
名詞	face	顔、表情
名詞	facility	設備、施設
名詞	fact	事実
名詞	fall	1. 秋 / 2. 滝 / 3. 落下
名詞	family	家族、一家、家族の者たち
名詞	fan	1. (スポーツなどの) ファン / 2. 扇、扇子、うちわ
名詞	farewell	別れ
名詞	farm	農場、農園
名詞	farmer	農家、農業をする人、農業主、農業経営者
名詞	farming	農業、農場経営
名詞	fashion	流行、はやり、ファッション、流行の服装
名詞	fate	運命
名詞	father	父、お父さん
名詞	favor	親切な行為　〔ask … a favor で〕　…にお願いする
名詞	favorite	お気に入りのもの［人］
名詞	February	2月
名詞	fee	料金、入場料
名詞	feeling	感情、考え、感覚
名詞	feet	〔foot の複数形〕
名詞	fence	垣根
名詞	Ferris wheel	観覧車
名詞	festival	お祭り、祭典　　〔たとえば the Aomori Nebuta Festival の形で〕 青森ねぶた祭り
名詞	fever	熱
名詞	fiction	小説、フィクション
名詞	field	運動場、フィールド、野原、畑、田、牧草地
名詞	fifteen	15
名詞	fifteenth	15番め、（月の）15日
名詞	fifth	5番め、（月の）5日
名詞	fifty	50
名詞	fight	戦い、口げんか
名詞	fighting spirit	闘志
名詞	film	映画
名詞	fine arts	芸術、(教科の) 美術
名詞	finger	(手の) 指
名詞	Finland	フィンランド
名詞	fire	火
名詞	fireplace	暖炉
名詞	firewood	まき、たきぎ
名詞	firework	花火
名詞	first	1番め、最初、（月の）ついたち
名詞	fish	魚 〔複数形も fish 〕
名詞	fitting room	試着室
名詞	five	5
名詞	five-story pagoda	五重塔
名詞	flash	ぱっと発する光、(撮影用の)フラッシュ
名詞	flight	フライト、飛行機旅行
名詞	float	山車
名詞	floor	1. 床（ゆか） / 2. ～階
名詞	flower	花、草花
名詞	flute	フルート
名詞	food	食べ物、食糧
名詞	foot	足 《足首から下の部分》
名詞	football	フットボール(用のボール)、サッカー(用のボール)、アメリカンフットボール(用のボール)
名詞	forest	森、森林
名詞	fork	フォーク
名詞	forty	40
名詞	fossil fuel	化石燃料
名詞	four	4
名詞	fourteen	14
名詞	fourth	4番め、（月の）4日
名詞	fox	キツネ
名詞	France	フランス
名詞	freedom	自由
名詞	French	フランス語
名詞	French fries	（細長い）フライドポテト
名詞	Friday	金曜日
名詞	fridge	冷蔵庫
名詞	friend	友達、友人
名詞	friendship	友情、友愛、親交
名詞	front	前面、前部、前　　〔in front of ～の形で〕～の前に
名詞	fruit	果物、フルーツ
名詞	fuel	燃料
名詞	fun	楽しいこと、面白いこと、楽しさ
名詞	furniture	家具
名詞	futon	フトン、ソファーベッド
名詞	future	未来、将来
名詞	game	1. （一定のルールを持った）ゲーム、遊び / 2. 試合、競技
名詞	garbage	生ごみ、くず
名詞	garden	1. 庭、庭園 / 2. 畑､野菜園
名詞	gas	1. 気体 / 2. (燃料用の)ガス / 3. ガソリン　〔gas stationの形で〕　ガソリンスタンド
名詞	gate	門、出入口
名詞	geese	〔gooseの複数形〕
名詞	generation	世代、同世代の人々
名詞	gentleman	紳士　〔複数形は gentlemen〕
名詞	gentlemen	〔gentlemanの複数形〕
名詞	ger	ゲル（モンゴルの伝統的な移動式住居）
名詞	German	1. ドイツ語 / 2. ドイツ人
名詞	Germany	ドイツ
名詞	gesture	身ぶり、ジェスチャー
名詞	Ghana	ガーナ
名詞	gift	贈り物
名詞	girl	女の子、少女
名詞	glacier	氷河
名詞	global warming	地球温暖化
名詞	glove	手袋
名詞	goal	1. ゴール、決勝点 / 2. 目標、目的地
名詞	goalball	ゴールボール《３人ずつの２チームで音の出るボールを用いて行う球技》
名詞	God	神
名詞	gold	金
名詞	goodness	善良さ、親切
名詞	goods	商品、品物
名詞	goose	ガン〔動物名〕
名詞	government	政府
名詞	grade	1. 学年 / 2. 評定､点数
名詞	granddaughter	孫娘、女の孫
名詞	grandfather	おじいさん，祖父
名詞	grandmother	おばあさん、祖母
名詞	grandson	孫息子
名詞	grape	ブドウ
名詞	grass	1.　草 / 2.　草地、芝生
名詞	gray	灰色、ねずみ色
名詞	Greece	ギリシャ
名詞	green	緑（色）
名詞	greenhouse gas	温室効果ガス
名詞	greeting	挨拶
名詞	ground	地面、大地
名詞	group	グループ、団体
名詞	guide	（旅行などの）人、ガイド
名詞	guitar	ギター
名詞	gun	銃
名詞	gym	体育館、ジム
名詞	habit	習慣、くせ
名詞	habitat	生息地
名詞	hair	毛、髪の毛
名詞	half	半分
名詞	hall	会館、役所　〔city hallの形で〕市役所
名詞	hallway	（ビルなどの）廊下、通路
名詞	ham	ハム
名詞	hamburger	ハンバーガー
名詞	hand	手
名詞	handle	取っ手、柄
名詞	handout	配付印刷物、ビラ、プリント
名詞	happiness	幸福
名詞	hardship	苦難
名詞	harvest	収穫
名詞	hatred	憎しみ
名詞	haunted house	お化け屋敷
名詞	Hawaii	ハワイ（太平洋にある米国の州、州都はホノルル）
名詞	hawk	タカ
名詞	hay fever	花粉症
名詞	head	頭、頭部
名詞	headache	頭痛
名詞	health	健康
名詞	heart	心
名詞	heat	熱
名詞	heater	暖房器具
名詞	help	助け､援助
名詞	here	ここ、この場所
名詞	heritage	（祖先から伝わる精神的・文化的）遺産
名詞	hero	ヒーロー、英雄
名詞	high school	高等学校
名詞	highlight	ハイライト、見せ場
名詞	hill	丘、小山
名詞	history	歴史
名詞	hit	ヒット（曲）
名詞	hobby	趣味
名詞	hole	穴
名詞	holiday	休日、祝日
名詞	home	1. 家、家庭 / 2. 故郷 / 3. 〔at home の形で〕家に、在宅して、くつろいで / 4. （野球の）本塁
名詞	homeland	本国、母国
名詞	homestay	ホームステイ
名詞	hometown	故郷
名詞	homework	宿題
名詞	honesty	正直（であること）、誠実さ
名詞	hope	希望、望
名詞	horizon	（人の）視野
名詞	horse	ウマ
名詞	hospital	病院、総合病院
名詞	host	（客を接待する）主人（役）
名詞	hot dog	ホットドッグ
名詞	hot spring	温泉
名詞	hotel	ホテル
名詞	hour	１時間
名詞	house	家、住宅
名詞	hula	フラ（ダンス）〈ハワイの民族舞踊〉
名詞	human	人、人間
名詞	humor	ユーモア
名詞	hundred	100
名詞	hunter	ハンター、猟師
名詞	hunting	さがし求めること
名詞	husband	夫
名詞	hymn	賛美歌
名詞	ice	氷
名詞	idea	考え、思いつき、アイディア
名詞	image	像、イメージ画像、絵
名詞	importance	重要性、重大さ、大切さ
名詞	India	インド
名詞	industrial arts and homemaking	（教科の）技術・家庭科
名詞	industry	工業
名詞	information	情報
名詞	injury	けが、不調
名詞	ink	インク
名詞	insect	昆虫
名詞	insult	屈辱
名詞	interest	興味、関心
名詞	Internet	インターネット
名詞	interpreter	通訳者
名詞	interview	インタビュー、会見、面接
名詞	interviewer	インタビューする人、インタビュワー、面接官
名詞	island	島
名詞	jacket	ジャケット、上着
名詞	January	１月
名詞	Japan	日本
名詞	Japanese	日本、日本人、日本語、（教科の日本語にとっての）国語
名詞	Japanese-Brazilian	日系ブラジル人
名詞	job	仕事、職務
名詞	joke	冗談、しゃれ
名詞	Jones	ジョーンズ(姓）
名詞	journalist	記者、ジャーナリスト
名詞	joy	喜び
名詞	Judy	ジュディ〔女性名〕
名詞	juice	ジュース
名詞	July	７月
名詞	June	６月
名詞	jungle	〔ふつうthe～で〕(熱帯地方の)密林、ジャングル
名詞	junior high school	中学校
名詞	justice	正義、正しさ、公平
名詞	kangaroo	カンガルー
名詞	karaoke	カラオケ
名詞	Kenya	ケニヤ(アフリカ東部にある共和国）
名詞	key	かぎ
名詞	keyhole	鍵穴
名詞	kid	子ども
名詞	kilogram	キログラム
名詞	kilometer	キロメートル
名詞	kind	種類　　〔a kind of ～の形で〕　一種の～、～のようなもの
名詞	king	王、国王
名詞	kitchen	台所、キッチン
名詞	kite	(空にあげる)凧
名詞	koala	コアラ
名詞	Korea	韓国・朝鮮　　〔たとえば South Korea, North Korea の形で〕 韓国、北朝鮮
名詞	Korean	韓国・朝鮮語、韓国人・朝鮮人
名詞	lady	婦人
名詞	lake	湖 〔たとえば Lake Towada の形で〕 十和田湖
名詞	lamp	ランプ、明かり
名詞	land	土地、陸地
名詞	landing card	入国カード
名詞	landmine	地雷
名詞	language	ことば、言語
名詞	language arts	言語技術(米国の多くの小・中学校で仮名部科目の一つ）
名詞	lap	ひざ（の上）
名詞	last	最後
名詞	laughter	笑い
名詞	law	法律
名詞	lawyer	弁護士、法律家
名詞	leader	指導者、リーダー
名詞	left	左、左側
名詞	leg	あし 《ももの付け根から下全部あるいは足首までの部分》
名詞	lemon	レモン
名詞	leopard	ヒョウ
名詞	lesson	1. (教科書などの)課、授業、勉強、けいこ、レッスン / 2. 教訓
名詞	letter	手紙、文字、字
名詞	level	水平（面）、水位、高さ
名詞	library	図書館，図書室
名詞	life	1. 生命、いのち（複 lives） / 2. 終生、一生 / 3. 人生 / 4. 生活、暮らし
名詞	light	1. 光、光線 / 2. 明かり、電灯
名詞	line	1. 線、電話線 / 2. （文字の）行　 / 3. (バス・列車・飛行機などの)路線 / 4. (役者の)せりふ、(文章などの)行
名詞	lion	ライオン
名詞	lives	lifeの複数形
名詞	living room	居間、リビングルーム
名詞	locker	ロッカー
名詞	London	ロンドン
名詞	look	見ること、一見　　〔 have ［take］ a look at ～の形で〕～を見る
名詞	lot	1. 〔a lot of ～ の形で〕 たくさんの、多数の / 2. たくさん、多数、多量 〔a lot〕
名詞	love	1. 愛、恋愛 / 2. 《手紙などの結びのことば》 〔たとえば Love, Lisa の形で〕 リサより
名詞	luck	運
名詞	lucky break	成功のきっかけ
名詞	lullaby	子守歌
名詞	lunch	昼食、(お昼の）弁当
名詞	machine	機械
名詞	magazine	雑誌
名詞	magic	手品
名詞	maker	製作者
名詞	man	男の人、(一般的に)人
名詞	manga	（日本の）マンガ
名詞	manner	（mannersで）行儀、マナー
名詞	map	地図
名詞	March	３月
名詞	market	市場
名詞	marsh	沼
名詞	mask	(顔を保護する）防具、マスク
名詞	master	主人、住職、和尚(ときに固有名詞のように使い、大文字で書き始めてMasterで「和尚さま」
名詞	match	試合、勝負
名詞	math	数学 〔mathematicsを短くした形〕
名詞	matter	問題、困ったこと、事情
名詞	May	５月
名詞	mayor	村長
名詞	meal	食事
名詞	meaning	意味
名詞	meat	食用肉、肉
名詞	meat loaf	ミートローフ
名詞	medal	メダル
名詞	medicine	薬　〔take medicineの形で〕 薬を飲む
名詞	meeting	集会、会議
名詞	member	一員、メンバー
名詞	memorial	記念日、記念碑、記念館
名詞	memory	記憶、記憶力、思い出
名詞	men	〔manの複数形〕
名詞	menu	献立表、メニュー
名詞	message	伝言，メッセージ
名詞	meter	メートル
名詞	mid-1900s	1900年代半ば
名詞	middle	真ん中、中間
名詞	milk	牛乳、ミルク
名詞	million	百万
名詞	mind	心　[keep A in mindの形で］Aを心に留めておく / 　　 [make up my mindの形で］決心する
名詞	minister	牧師
名詞	minute	1. (時間の)分 / 2. ちょっとの間　 〔Just a minute. の形で〕ちょっと待ってください
名詞	mirror	鏡
名詞	mistake	まちがい　［by mistakeの形で］誤って、間違って
名詞	mom	ママ、お母さん 《家庭内で子どもが母親を呼ぶのに使う。呼びかけの時にはしばしば大文字で始めて Mom とする。》
名詞	moment	ちょっとの時間、瞬間
名詞	mommy	お母ちゃん
名詞	Monday	月曜日
名詞	money	お金
名詞	Mongolia	モンゴル(中国の北方に位置する国）
名詞	monkey	サル
名詞	month	(暦の)月
名詞	moon	月
名詞	morning	朝、午前
名詞	mother	母、お母さん
名詞	motto	標語、モットー
名詞	mountain	山
名詞	mouth	口
名詞	movement	動き、(社会的)運動
名詞	movie	映画
名詞	Mr. (Mr.)	《男性の姓・姓名の前につけて》 ～さん、先生
名詞	Mrs. (Mrs.)	《結婚している女性の姓・姓名の前につけて》 ～さん、先生
名詞	Ms. (Ms.)	《女性の姓・姓名の前につけて》 ～さん、先生
名詞	Mt.	〔mountain （山）の略〕 ～山　 〔例えば Mt. Iwaki の形で〕 岩木山
名詞	much	多量、たくさん
名詞	museum	博物館、美術館
名詞	music	音楽
名詞	music club	(学校の）音楽部
名詞	musician	音楽家、ミュージシャン
名詞	Myanmar	ミャンマー
名詞	mystery	謎
名詞	name	名前
名詞	nation	国家
名詞	national holiday	国民の休日
名詞	national park	国立公園
名詞	natural gas	天然ガス
名詞	nature	自然、自然界
名詞	neck	首
名詞	need	必要　〔in needの形で〕必要で、困って
名詞	neighbor	隣人
名詞	nest	巣
名詞	New Year's Day	元日
名詞	New Year's Eve	大晦日
名詞	New York	ニューヨーク
名詞	New York City	ニューヨーク市
名詞	news	ニュース、知らせ
名詞	newspaper	新聞、新聞紙
名詞	night	夜
名詞	nine	９
名詞	nineteen	19
名詞	nineteenth	19番目の、１９日
名詞	ninety	90
名詞	ninth	9番め、（月の）9日
名詞	No.	…番、第…号
名詞	Nobel Peace Prize	ノーベル平和賞
名詞	non-white	白人以外の人
名詞	noodle	麺、ヌードル
名詞	noon	正午
名詞	north	北、北方、北部
名詞	North Carolina	ノース・カロライナ(アメリカ合衆国の州名）
名詞	nose	鼻
名詞	note	メモ、覚え書き
名詞	notebook	ノート
名詞	November	11月
名詞	now	今
名詞	number	～番、番号、数、数字
名詞	nun	尼僧
名詞	nurse	看護師、保健の先生
名詞	nurse's office	保健室
名詞	nursery	託児所
名詞	nursing	看護、介護
名詞	nursing home	高齢者福祉施設、療養所
名詞	ocean	大洋、海
名詞	October	10月
名詞	octopus	タコ
名詞	office	事務所､役所
名詞	officer	係員、役人、警察官
名詞	official	係官、職員
名詞	oil	油、石油
名詞	Olympics	(theをつけて）オリンピック
名詞	one	１つ､１人
名詞	opinion	意見、考え、判断
名詞	orange	オレンジ（色）
名詞	orchestra	オーケストラ
名詞	order	1. 命令 / 2. 注文 / 3. 順序
名詞	origin	（～の)起源、由来
名詞	outlook	見方、考え方
名詞	owl	フクロウ
名詞	oxygen	酸素
名詞	P.E. (PE)	体育 　〔physical educationの略〕
名詞	pack	1パック、１箱
名詞	page	ページ
名詞	pain	1. 痛み / 2. 苦心
名詞	painter	画家
名詞	painting	絵、絵画
名詞	pair	１組、対
名詞	palace	御殿
名詞	palm	手のひら
名詞	pamphlet	パンフレット
名詞	panda	パンダ
名詞	panel	パネル
名詞	paper	紙、折り紙、レポート、論文
名詞	paper crane	折り鶴
名詞	Paralympics	(theをつけて）パラリンピック
名詞	pardon	許し、許すこと　〔I beg your pardon.（最後を上げて発音して）/Beg your pardon?/Pardon?の形で〕 すみませんが、もう一度言ってください。
名詞	parent	親
名詞	Paris	パリ
名詞	park	公園、遊園地
名詞	part	1.一部 / 2.役割、役目
名詞	particular	項目、細部
名詞	partner	仲間、パートナー
名詞	party	パーティー
名詞	passion	熱中（しているもの）、情熱
名詞	passport	パスポート
名詞	past	過去
名詞	pastry shop	洋菓子店
名詞	patient	患者、病人
名詞	peace	平和
名詞	peach	（果物の）モモ
名詞	pen	ペン
名詞	pencil	えんぴつ
名詞	people	1. 《複数扱いで、２人以上を表して》 人、人々、人間 / 2.国民
名詞	percent	パーセント
名詞	performance	上演、演奏、演技
名詞	performer	上演者、噺家、芸人
名詞	period	時代
名詞	person	人 〔２人以上を表すときは people がふつう〕
名詞	Peru	ペルー（南米の国の名前）
名詞	pet	ペット
名詞	pharmacist	薬剤師、薬局
名詞	Philippines	(the ～で）フィリピン共和国
名詞	phone	電話　　〔 telephone の略〕
名詞	phone call	電話をかけること
名詞	photo	写真　 〔photograph の略〕
名詞	photograph	写真
名詞	photographer	写真家、カメラマン
名詞	phrase	句、言い回し、フレーズ
名詞	piano	ピアノ
名詞	picnic	ピクニック、行楽
名詞	picture	絵、写真
名詞	pie	パイ（肉や果物などを練り粉で包んで焼いた菓子、料理）
名詞	piece	〔a piece of ～の形で〕１つの～、ひとかけらの～
名詞	pilot	パイロット
名詞	pink	ピンク色（の）、もも色（の）
名詞	pizza	ピザ
名詞	place	1.場所､所 / 2.順位
名詞	plan	1. 事業 / 2. 計画、案、考え、予定
名詞	plane	飛行機
名詞	plant	植物
名詞	plastic	プラスチック
名詞	plastic bag	ビニール袋
名詞	plate	取り皿
名詞	play	劇
名詞	player	（楽器を）演奏する人、演奏家、（スポーツを）する人、選手
名詞	pleasure	喜び
名詞	pocket	ポケット
名詞	poem	詩
名詞	point	1. 箇所、点、地点 / 2. 言おうとしていること、要点、考え / 3. 特徴、特質
名詞	poison	毒薬、毒
名詞	polar bear	ホッキョクグマ
名詞	police	〔しばしばthe policeで、複数扱い〕警察 〔（一人の）警官をさす場合は a police officer〕
名詞	police officer	(一人の）警官
名詞	politician	政治家
名詞	pollution	汚染
名詞	polo	（馬に乗って行う競技）ポロ
名詞	pond	池
名詞	poodle	プードル（犬の１品種）
名詞	pool	（水泳用の）プール
名詞	popular culture	大衆文化、ポップカルチャー
名詞	population	人口
名詞	Portuguese	ポルトガル語
名詞	post	郵便、郵便物
名詞	post office	郵便局
名詞	postcard	郵便はがき、絵はがき
名詞	poster	ポスター
名詞	pot	（深い）なべ
名詞	pouch	袋
名詞	pound	ポンド(イギリスの通貨）
名詞	power	力、能力
名詞	prefecture	県
名詞	present	1.「現在」 / 2.プレゼント、贈り物
名詞	presentation	（意見・提案などの）発表、プレゼンテーション
名詞	pressure	圧力、せまられること、プレッシャー
名詞	price	値段
名詞	prince	王子
名詞	principal	校長
名詞	principal's office	校長室
名詞	print	印刷、版画
名詞	prize	賞、賞品
名詞	problem	(困難を引き起こす)問題、障害、課題
名詞	product	製品、生産物
名詞	professor	教授
名詞	program	1. 番組（表）、プログラム / 2. 計画、予定（表）
名詞	programmer	プログラマー
名詞	promise	約束
名詞	prop	小道具
名詞	public hall	公会堂
名詞	purple	紫色（の）
名詞	purpose	目的
名詞	question	1. 質問、問い / 2. 問題、論点
名詞	quiz	簡単な口頭（筆記）のテスト、質問、（ラジオ・テレビの）クイズ
名詞	rabbit	ウサギ
名詞	race	競争、競走
名詞	racket	ラケット
名詞	radio	ラジオ
名詞	radish	ハツカダイコン
名詞	rain	雨
名詞	rain forest	熱帯雨林
名詞	rainbow	虹
名詞	ramp	スロープ
名詞	reading	読むこと
名詞	reality	現実、実際
名詞	reason	理由
名詞	recipe	（料理などの）作り方、レシピ
名詞	red	赤い、赤色（の）、赤
名詞	refugee	難民、避難者
名詞	relay	リレー競走
名詞	report	レポート、報告
名詞	reporter	リポーター
名詞	research	研究、調査
名詞	resource	〔通常は複数形で〕資源、財源
名詞	respect	尊敬、尊重
名詞	rest	休み
名詞	restaurant	レストラン、食堂、料理屋
名詞	restroom	（デパート・劇場などの）洗面所、トイレ
名詞	result	結果
名詞	return	再び巡ってくること
名詞	reuse	再利用
名詞	rhythm	リズム
名詞	rice	ご飯、米
名詞	rice ball	おにぎり
名詞	rice cake	もち
名詞	right	1.（利益などを得る）権利、法的権利 / 2. 右、右側
名詞	rise	上昇、増加、昇進
名詞	river	川　　　〔たとえば the Mabechi River の形で馬淵川〕
名詞	road	道路
名詞	robot	ロボット
名詞	rock	1. ロック（音楽） / 2. 岩、岩石
名詞	roll	巻いたもの、－巻
名詞	Roman	古代ローマ人、現代のローマ市民
名詞	Rome	ローマ〔イタリアの首都、古代ローマ帝国の首都〕
名詞	roof	屋上、屋根
名詞	room	部屋
名詞	rope	綱、縄、ロープ
名詞	rule	決まり、規則
名詞	ruler	ものさし、定規
名詞	Russia	ロシア
名詞	sadness	悲しみ
名詞	salad	サラダ
名詞	sale	安売り、バーゲンセール
名詞	salt	塩
名詞	sandwich	サンドイッチ
名詞	Saturday	土曜日
名詞	scene	（劇・映画・小説の）場面
名詞	scenery	風景、景色
名詞	schedule	予定（表）
名詞	school	学校　　〔たとえばgo to school の形で〕 学校へ行く、学校に通っている
名詞	schoolyard	校庭、運動場
名詞	science	理科、科学、自然科学
名詞	scientist	科学者
名詞	Scotland	スコットランド
名詞	scrambled egg	スクランブルエッグ
名詞	sculpture	彫刻
名詞	sea	海 〔たとえば go to the sea の形で (海水浴などの目的で）海岸へ行く
名詞	sea level rise	海面上昇
名詞	seal	アザラシ
名詞	season	季節
名詞	seat	席
名詞	second	1.（時間の）秒 / 2.２番め､（月の）２日 / 3.少しの間
名詞	section	部分、部門、〔会社、官庁などの〕課
名詞	seed	種
名詞	sense	意味、感覚
名詞	September	９月
名詞	serve	（テニスなどの）サーブ
名詞	set	（テニスなどの）セット
名詞	seven	7、７つの
名詞	seventeen	17
名詞	seventeenth	17の番目の、１７日
名詞	seventh	７番め、（月の）７日
名詞	seventy	70、７０の
名詞	shade	陰
名詞	shampoo	シャンプー
名詞	shape	形、姿
名詞	shelf	棚
名詞	ship	船
名詞	shirt	シャツ
名詞	shock	（精神的な）ショック
名詞	shoe	くつ　　〔たとえば a pair of shoes の形で〕　くつ１足
名詞	shop	(ものを売る)店、小売店
名詞	shopping	買い物
名詞	short	〔in short の形で）手短に言うと
名詞	shoulder	肩
名詞	show	ショー
名詞	shower	シャワー
名詞	shrine	神社
名詞	shyness	内気、はにかみ
名詞	sickness	病気
名詞	side	1.面、局面、味方 / 2.横、脇　〔side by side で〕並んで
名詞	sightseeing	観光、見物
名詞	sign	1. 標識、看板 / 2. 身ぶり、合図
名詞	singer	歌う人、歌手
名詞	singing	歌うこと、歌唱
名詞	sister	姉、妹
名詞	site	（重大なできごとが起こった）場所、遺跡
名詞	situation	状況、状態
名詞	six	6
名詞	sixteen	16
名詞	sixth	6番め、（月の）6日
名詞	sixty	60
名詞	size	大きさ、サイズ
名詞	skill	技術、技能
名詞	skin	皮膚、肌
名詞	sky	空、大空
名詞	slump	不振、不調
名詞	smell	におい
名詞	smile	ほほえみ
名詞	smog	スモッグ
名詞	smoke	煙
名詞	snack	（正規の食事の間の）軽食、おやつ
名詞	snake	へび
名詞	sneaker	スニーカー
名詞	snow	雪
名詞	soccer	サッカー
名詞	social studies	(教科の）社会科
名詞	sock	ソックス、（短い）くつ下　　〔a pair of socks の形で〕　くつ下１足
名詞	sofa	ソファー
名詞	softball	ソフトボール
名詞	solar cooker	ソーラークッカー
名詞	soldier	（陸軍の）兵士、軍人
名詞	son	息子
名詞	song	歌
名詞	sound	音、響き
名詞	soup	スープ
名詞	south	南
名詞	South Africa	南アフリカ共和国
名詞	southwest	南西
名詞	soybean	大豆
名詞	space	1. 宇宙、宇宙空間 / 2. 空間、場所、スペース
名詞	Spain	スペイン
名詞	Spanish	スペイン語
名詞	speaker	話す人
名詞	speech	演説、スピーチ
名詞	spirit	1. 気力、勇気　〔fighting spirit の形で〕闘志 / 2. 心、精神、霊
名詞	spoon	スプーン
名詞	sport	スポーツ、運動
名詞	sports day	運動会
名詞	spring	1. 春 / 2. 泉　〔hot spring の形で〕　温泉
名詞	sprint	短距離走
名詞	square	四角形
名詞	stable master	（相撲部屋の）親方
名詞	stadium	スタジアム、競技場
名詞	staff	〔集合的に〕職員、社員
名詞	stage	舞台、ステージ
名詞	stair	階段
名詞	stairs	〔stairsで〕階段
名詞	stand	スタンド、台
名詞	star	1. 星 / 2. (映画・スポーツなどの)スター
名詞	starvation	飢餓、ききん
名詞	station	駅
名詞	stationery	文房具
名詞	statue	像、彫刻
名詞	Statue of Liberty	自由の女神像
名詞	stay	滞在
名詞	step	1. （階段の）踏み段 / 2. 段階
名詞	stew	シチュー
名詞	stomach	おなか、胃
名詞	stomachache	腹痛
名詞	stop	駅、停留所
名詞	store	店
名詞	story	話、物語
名詞	storytelling	物語を語ること 　〔comic storytellingで〕話芸
名詞	stream	小川、川
名詞	street	通り
名詞	stringed instrument	弦楽器
名詞	stroller	ベビーカー
名詞	struggle	もがき、苦闘
名詞	student	学生、生徒
名詞	stuff	もの
名詞	style	やり方、作風、型
名詞	subject	1. (主）題、トピック、テーマ / 2.教科
名詞	suburb	郊外
名詞	subway	（アメリカ合衆国の）地下鉄
名詞	success	成功
名詞	sugar	砂糖
名詞	summer	夏
名詞	summer class	（勉強が遅れている生徒のための）夏の補習授業
名詞	sumo stable	相撲部屋
名詞	sumo wrestler	力士
名詞	sun	1. 太陽 / 2. 日光、陽光
名詞	sun flower	ひまわり
名詞	Sunday	日曜日（複数形で毎週日曜日）
名詞	sunlight	日光、陽光
名詞	sunset	日の入り
名詞	supermarket	スーパーマーケット
名詞	support	支持、支援
名詞	survival	生き残ること
名詞	swimming	水泳
名詞	swimming pool	水泳プール
名詞	sword	剣
名詞	Sydney	シドニー 《オーストラリア東岸にある都市》
名詞	symbol	シンボル、しるし
名詞	system	1.　組織　　　 / 2.　制度、システム
名詞	T-shirt	Ｔシャツ
名詞	table	テーブル、食卓
名詞	table tennis	卓球
名詞	tail	尾（ひれ）、しっぽ
名詞	tale	物語、お話
名詞	talk	話、スピーチ
名詞	Tanzania	タンザニア
名詞	task	仕事、任務
名詞	taste	味
名詞	taxi	タクシー
名詞	tea	茶、紅茶
名詞	teacher	教師、先生
名詞	teachers' room	職員室
名詞	team	チーム
名詞	teammate	チームメイト
名詞	teamwork	チームワーク
名詞	tear	涙　【in tearsで】涙を流して
名詞	technology	科学技術
名詞	teeth	歯（toothの複数形）
名詞	telescope	望遠鏡
名詞	temperature	温度、気温
名詞	temple	寺
名詞	ten	10
名詞	tennis	テニス
名詞	tenth	10番め、（月の）１０日
名詞	test	試験、テスト
名詞	textbook	教科書、テキスト
名詞	Thailand	タイ
名詞	thank	〔Thanks の形で〕ありがとう
名詞	theater	劇場、映画館〔movie theaterともいう〕
名詞	theme	主題、テーマ
名詞	then	そのとき、当時
名詞	thing	もの、こと
名詞	thinking	考え、思考
名詞	third	３番目、３日
名詞	thirteen	13
名詞	thirteenth	13番め、（月の）13日
名詞	thirtieth	30番目（の）、30日
名詞	thirty	30
名詞	thought	1. 考えること、思考 / 2. 考え､思想
名詞	thousand	1000
名詞	three	3
名詞	throat	のど
名詞	Thursday	木曜日
名詞	ticket	切符、チケット、券
名詞	tie	ネクタイ
名詞	time	1. 回、度 / 2. 時間、期間、暇 / 3. 時刻 / 4. 〔しばしば複数形で〕 時代
名詞	timing	タイミング、時機を選ぶこと
名詞	title	題名、タイトル
名詞	toast	トースト
名詞	today	今日
名詞	toilet	トイレ、化粧室
名詞	tomorrow	明日
名詞	tongue	国語、母語
名詞	tool	手段、道具
名詞	tooth	歯 〔複数形は teeth〕
名詞	toothache	歯痛
名詞	toothbrush	歯ブラシ
名詞	top	1. 一番上の部分、頂上 / 2. 最高位、トップ
名詞	total	総合、合計　〔in total〕合計で、全部で
名詞	touch	接触　　〔keep in touchで〕連絡をとり続ける
名詞	tour	旅行
名詞	tourism	観光事業、観光、旅行
名詞	tournament	トーナメント、勝ち抜き試合
名詞	towel	手拭い、タオル
名詞	tower	塔、タワー
名詞	town	町、市、都会
名詞	toy	おもちゃ
名詞	track	線路
名詞	track and field	陸上競技
名詞	trade	貿易
名詞	tradition	伝統
名詞	traffic	交通 〔traffic light〕交通信号（灯）
名詞	tragedy	悲劇、悲しいできごと
名詞	train	列車、電車
名詞	trainer	トレーナー
名詞	transportation	輸送機関
名詞	treasure	宝物
名詞	tree	木、樹木
名詞	trip	旅行 《比較的短期間のものについていう》　　〔たとえば go on a school trip の形で〕修学旅行に行く
名詞	trophy	優勝記念品、トロフィー
名詞	trouble	1. 心配 / 2. もめごと / 3.余分な手間、めんどう
名詞	Tube	チューブ（ロンドンの地下鉄のニックネーム）
名詞	Tuesday	火曜日
名詞	tug-of-war	綱引き
名詞	tuna	マグロ
名詞	turkey	七面鳥
名詞	turn	番、順番　　〔in turnで〕代わって今度は
名詞	turning	曲がり角、回転 〔turning pointで〕転機
名詞	turtle	カメ
名詞	TV	テレビ（番組）
名詞	twelfth	12番め、（月の）12日
名詞	twelve	12
名詞	twentieth	20番目
名詞	twenty	20
名詞	twenty-eighth	28番目（の）、28日
名詞	twenty-fifth	25番目（の）、25日
名詞	twenty-first	21番目（の）、21日
名詞	twenty-fourth	24番目（の）、24日
名詞	twenty-ninth	29番目（の）、29日
名詞	twenty-second	22番目（の）、22日
名詞	twenty-seventh	27番目（の）、27日
名詞	twenty-sixth	26番目（の）、26日
名詞	twenty-third	23番目（の）、23日
名詞	two	2
名詞	type	型、タイプ、種類
名詞	U.K.	イギリス〔The United Kingdom（連合王国）の略でイギリスの正式国名は The United Kingdom of Great Britain and Northern Ireland 〕
名詞	U.S.	〔通常はtheを付けて〕アメリカ合衆国
名詞	umbrella	かさ
名詞	uncle	おじ、おじさん
名詞	underground	〔通常はtheを付けて、イギリスの〕地下鉄
名詞	unicycle	一輪車
名詞	uniform	制服、ユニフォーム
名詞	United Nations	〔通例はtheを付けて〕国際連合
名詞	United States	アメリカ合衆国
名詞	universal design	ユニバーサルデザイン
名詞	university	大学
名詞	US(U.S.)	《略》〔the ～で〕アメリカ合衆国、米国　《the U.S.とも》
名詞	USA(U.S.A.)	《略》〔the ～で〕アメリカ合衆国、米国　《the U.S.A.とも》
名詞	use	使用、使い道
名詞	vacation	休暇、休み
名詞	Valentine	Happy Valentine's Day!　〔バレンタインデーのメッセージ〕
名詞	vegetable	野菜
名詞	vending machine	自動販売機
名詞	Venezuela	ベネズエラ〔南米の国の名〕
名詞	vet	獣医（veterinarianの略）
名詞	victory	勝利、優勝
名詞	video	ビデオ 〔 video game の形で〕　テレビゲーム
名詞	video game	映像、動画　〔video game 〕テレビゲーム
名詞	Vietnam	ベトナム〔東南アジアの国の名〕
名詞	view	1. ながめ、景色 / 2. 考え、見方
名詞	village	村
名詞	vinegar	食用酢、ビネガー
名詞	violin	バイオリン
名詞	visit	訪問 〔 pay a visit to の形で「～を訪問する」〕
名詞	visitor	訪問者
名詞	voice	声
名詞	volleyball	バレーボール
名詞	volume	〔書物の〕巻、冊
名詞	volunteer	ボランティア、志願者
名詞	waitress	ウエイトレス
名詞	walk	1. 歩くこと、散歩 / 2. 歩行距離、道のり
名詞	Walker	ウォーカー（姓）
名詞	wall	壁、へい、城壁
名詞	war	戦争
名詞	ware	～焼、～製品
名詞	warming	〔global warming で〕地球温暖化
名詞	warrior	武人、軍人
名詞	Washington, D.C.	ワシントンD.C.（米国の首都）
名詞	waste	浪費
名詞	watch	腕時計
名詞	water	水、水中
名詞	waterfall	滝
名詞	wave	波
名詞	way	1. 方向 / 2. 道 / 3. 方法、手段
名詞	weather	天気、気象
名詞	website	ウェブサイト
名詞	Wednesday	水曜日
名詞	week	週
名詞	weekend	週末
名詞	whale	クジラ
名詞	wheel	車輪
名詞	wheelchair	車イス
名詞	while	間、しばらく 〔たとえば for a while の形で〕 しばらくの間
名詞	white	白、白人
名詞	wife	妻
名詞	wild	〔the wild で〕野生
名詞	wildcat	ヤマネコ　〔Wildcat House〕山猫軒
名詞	wilderness	荒野
名詞	wildlife	野生動物
名詞	will	意志
名詞	wind	風
名詞	windmill	風車
名詞	window	窓
名詞	winner	勝つ〔勝った〕人、勝利者
名詞	winter	冬
名詞	wire	針金、ワイヤー
名詞	wish	願い、望み
名詞	woman	女性、女の人　　〔複数形は women 〕
名詞	women	〔woman 〕の複数形
名詞	wonder	驚き
名詞	wood	まき、木
名詞	word	1. ことば、発言 / 2. 語、単語
名詞	work	1. 仕事、勉強 / 2. 作品
名詞	worker	労働者
名詞	world	世界（の人たち）
名詞	World Cup	〔the　～で〕ワールドカップ
名詞	World Heritage Site	世界遺産
名詞	wrestling	レスリング
名詞	writer	作家、著述家
名詞	writing	書かれた文字、筆跡、書くこと
名詞	yacht	ヨット
名詞	year	1. 年、1年 / 2. ～歳、年齢
名詞	yellow	黄色
名詞	yesterday	昨日
名詞	yogurt	ヨーグルト
名詞	zero	0、ゼロ
名詞	zoo	動物園
代名詞	all	1. 全部、全員、すべて、みな / 2. 〔not ～ at all の形で〕 少しも～でない。
代名詞	another	もう１つのもの［人］、別のもの［人］　〔one after another の形で〕 次々と
代名詞	any	〔疑問文で〕 いくらか
代名詞	anyone	1. 〔肯定文で〕 だれでも / 2. 〔疑問文で〕 だれか / 3. 〔否定文で〕 だれも
代名詞	anything	1. 〔肯定文で〕 何でも / 2. 〔疑問文で〕 何か / 3. 〔否定文で〕 何も
代名詞	as	〔such ～ as … の形で〕 …ような～
代名詞	both	両方、2 人［2つ］とも
代名詞	each	それぞれ、めいめい 〔each other で〕 お互いに
代名詞	everybody	だれでも、みんな
代名詞	everyone	みなさん、みんな、だれでも　〔単数扱いで、everybody という言い方もある〕
代名詞	everything	あらゆること［もの］、何もかも　　〔単数扱い〕
代名詞	he	彼は［が］、その（男の）人は［が］
代名詞	her	1. 彼女を［に］ / 2. 彼女の
代名詞	hers	彼女のもの
代名詞	herself	彼女自身を［に］、彼女自身で
代名詞	him	彼を［に］
代名詞	himself	彼自身を［に］、彼自身で
代名詞	his	1. 彼の / 2. 彼のもの
代名詞	I	私は［が］
代名詞	it	1. 《前に出た語句や文の内容を受けて》それは［が］ / 2. 《前に出た語句や文の内容を受けて》それを［に］ / 3. 〔It is ～ (for Ａ）to do…の形で〕 Ａ［人］が…するのは～だ / 4. 《時・天候・季節・距離などを表して、日本語では「それ」とは訳さない》
代名詞	its	その、それの
代名詞	least	いちばん少ないもの [at leastの形で]少なくても
代名詞	little	1. 〔 a littleの形で〕 少量、いくらか / 2. 〔 a をつけないで〕 ほとんど～ない
代名詞	many	たくさん（の人、物）
代名詞	me	わたしに［を］
代名詞	mine	わたしのもの
代名詞	more	もっと多くの数（量）、もっと多くのこと（もの、人）
代名詞	most	大部分、大多数
代名詞	my	私の
代名詞	myself	私自身（で）　〔by myselfの形で〕 （私）ひとりで
代名詞	next	次の（人）
代名詞	nobody	だれも～ない
代名詞	nothing	何も～ない
代名詞	one	1. １つ､１人､～なもの / 2. （一般に）人､だれでも / 3. 〔one after another の形で〕次々と
代名詞	other	1. 〔複数形 others の形で〕 ほかのもの、ほかの人たち / 2. 〔the other の形で〕 《２つのものについて》 もう一方 《３つ以上のものについて》 残りの１つ / 3. 〔複数形 the others の形で〕 《３つ以上のものについて》 残りのもの（全部）
代名詞	our	私たちの、ぼくたちの
代名詞	ours	私たちのもの、ぼくたちのもの
代名詞	ourselves	私たち自身に［を］、ぼくたち自身に［を］
代名詞	some	1. （全体の中の）一部分、一部の人々 / 2. いくつか、いくらか、いく人か
代名詞	someone	だれか
代名詞	something	何かあるもの［こと］
代名詞	that	1. あれ、それ / 2. あの［その］こと / 3. あの［その］人、あちら、そちら / 4. 〔関係代名詞で〕～である［する］（ところの）
代名詞	their	彼らの、彼女らの、それらの
代名詞	theirs	彼らのもの、彼女らのもの、それらのもの
代名詞	them	それらを［に］、彼らを［に］、彼女たちを［に］
代名詞	themselves	彼ら〔彼女ら〕自身（で）
代名詞	these	これらが［は］[を][に]
代名詞	they	彼らが［は］、彼女たちが［は］、それらが［は］
代名詞	this	1. これ / 2. 《電話やテレビ・ラジオの放送などで話している本人をさして》こちら、《同様の状況で話している相手をさして》そちら / 3. この人、こちら / 4. すでに述べたこと、このこと、これから述べること
代名詞	those	あれら、それら
代名詞	us	私たちを［に］
代名詞	we	私たちは［が］
代名詞	what	何が［を、に］
代名詞	which	1.〔関係代名詞で〕～である［する］(ところの) / 2. どちら、どれ
代名詞	who	1. だれ / 2.〔関係代名詞で〕～である[する](ところの)
代名詞	whose	だれのもの、だれの
代名詞	you	1. あなた(たち)に［を］ / 2. あなた(たち)は［が］ / 3. 《話し相手を含めた一般の人をさして》　(広く一般の)あなたたちは［が］
代名詞	your	1. あなた（たち）の / 2. 《話し相手を含めた一般の人をさして》 (広く一般の) あなたたちの
代名詞	yours	あなた（たち）のもの
代名詞	yourself	あなた自身を［に］
動詞	accept	受け入れる
動詞	act	（役を） 演じる
動詞	add	加える
動詞	agree	賛成する、同意する、意見が一致する　〔agree with ～の形で〕 ～に賛成する
動詞	allow	～を許可する
動詞	am	〔必ず I とともに使って〕 ～です、～だ、～である、（～に）いる
動詞	amaze	～を驚嘆させる、びっくりさせる
動詞	answer	～に答える、応答する　〔answer the phone の形で〕 電話に出る
動詞	are	1. 〔you, we, they や複数名詞とともに使って〕 ～です / 2. 〔there, here とともに使って〕 （～に）…がいる［ある］
動詞	arrest	逮捕する
動詞	arrive	着く、到着する　〔たとえば arrive at school, arrive in New York などの形で〕 学校に到着する、ニューヨークに到着する
動詞	ask	1. ～をたずねる、問う / 2. 求める 〔ask A for B の形で〕 A［人］にB［ものごと］を求める / 3. たのむ　〔May I ask you a favor? の形で〕 あなたに一つお願いしてもよろしいですか / 4. 〔ask A to do ～ の形で〕　Ａ［人］に～するように頼む
動詞	assist	（人を）助ける、手伝う
動詞	attend	出席する、参加する
動詞	attract	1.（人を）ひきつける / 2.（注意などを）ひく
動詞	bake	～を焼く
動詞	base	基礎［根拠］を置く　〔be based on ～で〕～に基づく
動詞	be	1. ～になる、～である / 2. 〔Be ～の形で命令文を作る〕 ～で［て］いなさい / 3. ～にいる、～にある
動詞	become	〔名詞・形容詞・過去分詞などをあとにつけて〕 ～になる、～に変わる 〔過去分詞形もbecome〕
動詞	begin	1. はじまる〔自動詞〕 / 2. ～をはじめる〔他動詞〕
動詞	believe	～を信じる
動詞	belong	〔belong to～の形で〕～の一員である
動詞	blow	1. （風が）ふく / 2. （人・動物などが息・水など）を吐く
動詞	blush	顔を赤らめる
動詞	boil	～をゆでる、沸騰させる
動詞	born	〔be bornの形で〕 誕生する、生まれる
動詞	borrow	～を借りる
動詞	bother	じゃまをする
動詞	break	～をこわす、折る、破る
動詞	bring	《向こうからこちらへ》 ～を持ってくる、つれてくる
動詞	broaden	～を広くする、広げる
動詞	brush	（ブラシで）みがく
動詞	build	～を建てる、～を築き上げる
動詞	burn	～を燃やす
動詞	bury	埋める
動詞	buy	～を買う
動詞	call	1. （大声で）呼ぶ / 2. ～を呼び寄せる 　 / 3. 電話をかける / 4. 〔call A B の形で〕 ＡをＢと呼ぶ、名づける / 5. [call ～ backの形で] ～におりかえし電話する
動詞	calm	静まる、落ち着く
動詞	camp	キャンプ（生活）する
動詞	care	[care for ～の形で]　～の世話をする
動詞	carry	運ぶ、持って行く、持ち歩く
動詞	catch	～をとらえる、つかまえる
動詞	cause	～を引き起こす、～の原因となる
動詞	celebrate	～を祝う
動詞	change	1. 変わる〔自動詞〕 / 2. ～を変える 〔他動詞〕 / 3. （電車など） を乗り換える
動詞	check	～を調べる、チェックする、確認する、照合する
動詞	cheer	～を元気づける、声援を送る、応援する、励ます
動詞	choose	～を選ぶ
動詞	clap	（手を）たたく、拍手する
動詞	clean	～をきれいにする、そうじする
動詞	climb	（高いところ） に登る、よじ登る
動詞	close	（窓、ドアなど） を閉める、閉じる、閉まる
動詞	collect	（～を）集める、収集する
動詞	come	1. 来る　〔come and ～ の形で〕 ～しに来る 〔come to school の形で〕 学校に来る 〔come back の形で〕 戻ってくる / 2. (相手のいる所へ・相手と同方向へ) 行く / 3. (時・季節などが) 巡ってくる / 4. 〔Come on.の形で〕 さあ急げ、さあ / 5. 〔come from～ の形で〕 ～から来ている、～出身である　 〔過去分詞形もcome〕 / 6. [～の状態に]なる　〔come trueの形で〕実現する
動詞	communicate	(知識・情報・人の気持ちなど) を伝える、意思を伝え合う
動詞	compare	比較する、比べる
動詞	complain	不平を言う
動詞	connect	結びつける、つながる
動詞	contact	（人と）連絡をとる、接続する
動詞	continue	～を続ける、続く
動詞	cook	（～を）料理する
動詞	cost	（金額・費用）がかかる
動詞	count	（～を）数える
動詞	cover	（物の外側）をおおう
動詞	create	～をつくり出す
動詞	cross	～を横切る
動詞	cry	1. （大声で）叫ぶ、大声で言う / 2. （声をあげて）泣く
動詞	cut	～を切る 　〔過去形、過去分詞形も cut〕
動詞	dance	踊る、ダンスをする
動詞	decide	決める　〔decide to ～〕 ～しようと決心する
動詞	depend	～による、～しだいである
動詞	design	～をデザインする、設計する
動詞	despair	絶望する
動詞	destroy	破壊する、こわす
動詞	did	〔do （する) の過去形〕
動詞	die	（人や動物が） 死ぬ、亡くなる、（植物が） 枯れる
動詞	direct	(映画などを)監督する、演出する
動詞	disagree	意見が合わない、賛成しない、反対する
動詞	disappear	消える、なくなる、消滅する、存在しなくなる、見えなくなる
動詞	discover	～を見つける、～を見いだす
動詞	do	～をする
動詞	done	〔doの過去分詞形〕
動詞	drank	drinkの過去形
動詞	draw	1. （鉛筆、ペンなどで絵など）をかく、（線）を引く / 2. ～を引く、引っ張る
動詞	drink	～を飲む
動詞	drive	(自動車)を運転する
動詞	drop	～を落とす、落ちる
動詞	eat	～を食べる、食事をする
動詞	encourage	勇気づける、はげます、激励する
動詞	end	終わる、終える
動詞	enjoy	～を楽しむ、～を楽しんでいる
動詞	enter	（建物・部屋・場所など）に入る
動詞	excuse	許す　〔Excuse me.の形で〕 失礼ですが、すみませんが
動詞	experience	経験する
動詞	explain	～を説明する
動詞	express	～を表現する、言い表す
動詞	face	（危険・困難などに)立ち向かう、直面する
動詞	fade	消えていく
動詞	faint	気をうしなう、気絶する
動詞	fall	落ちる
動詞	fascinate	魅了する、うっとりさせる
動詞	feed	えさをやる、食物を与える
動詞	feel	1. ～と感じる、～と思う / 2. ～を感じる
動詞	fight	戦う
動詞	fill	いっぱいになる
動詞	find	～を見つける、見いだす
動詞	finish	～を終える、終わらせる、終わる
動詞	fish	魚釣りをする
動詞	fit	（サイズ、形が）合う
動詞	fly	飛ぶ、（飛行機で）行く
動詞	follow	～についていく、（～と一緒に）異動する、～に従う
動詞	force	強制する、無理に～させる[する]
動詞	forget	～を忘れる、思い出せない
動詞	form	（人がもの）を形作る
動詞	fulfill	（望みなどを）実現する
動詞	gather	～を集める、集まる
動詞	get	1. ～を得る、手に入れる / 2. ～（の状態）になる / 3. わかる、理解する / 4. 着く、到着する　〔たとえばget to Shiriyazaki, get home の形で〕 尻屋崎に着く、家に着く / 5. 〔get up の形で〕起きる / 6. (タクシーなどを)ひろう、利用する / 7. 〔get together の形で〕集まる
動詞	give	1. ～を与える、贈る　〔give A B, give B to A の形で〕ＡにＢを与える / 2. (会などを)開く、もよおす、演ずる、行う
動詞	go	1. 行く　〔たとえばgo to school の形で〕学校へ行く / 2. 〔be going to do ～ の形で〕 ～するつもりである / 3. 〔go doing ～ の形で〕～しに行く
動詞	graduate	卒業する
動詞	greet	～に挨拶する、～をむかえる
動詞	grin	にこっと笑う、にやっと笑う
動詞	grow	1. 成長する、大きくなる、育つ / 2. ～を栽培する、育てる / 3. （しだいに）～になる
動詞	guess	～をあてる、推測する
動詞	happen	(事件などが) 起こる、生じる
動詞	hate	～するのが嫌いだ、～したくはない
動詞	have	1. ～をもっている、～がある、～がいる / 2. ～を食べる、飲む / 3. ～を過ごす、経験する / 4. (病気)にかかっている、～が痛む / 5. 〔have to do ～ の形で〕 ～しなければならない / 6. ～を飼っている
動詞	head	～向かう
動詞	heal	～をいやす
動詞	hear	1. ～を聞く、～が聞こえる / 2. 《情報・うわさなど》を耳にする / 3. 〔hear from～の形で〕 ～から返信［便り］をもらう
動詞	heat	熱する、あたためる
動詞	help	1. ～を助ける、援助する / 2. （～を）手伝う、助ける　〔May I help you? の形で〕 《店員が客に対して》 いらっしゃいませ　〔help A with B の形で〕 ＡのＢを手伝う　 / 3.〔Please help yourself. の形で〕 どうぞご自由にとって食べて（飲んで）ください
動詞	hit	～に当たる、ぶつかる　〔過去形、過去分詞形もhit〕
動詞	hold	1. (手などでしっかりと）持つ、にぎる、抱く、抱きかかえる / 2. 開催する、催す / 3.（電話を）切らないで待つ
動詞	hope	～を望む、～だとよいと思う
動詞	hug	（愛情を込めて）抱きしめる
動詞	hunt	狩りをする
動詞	hurry	急ぐ
動詞	hurt	1. 痛む 〔過去形、過去分詞形もhurt〕 / 2. ～を傷つける、～にケガをさせる
動詞	imagine	想像する
動詞	impress	感銘を与える、印象づける
動詞	improve	よくなる、改善される
動詞	increase	増やす
動詞	influence	～に影響を与える
動詞	injure	傷つける、けがをさせる
動詞	interview	インタビューする、面接する
動詞	introduce	～を紹介する、～を取り入れる、導入する
動詞	invite	～を招く
動詞	is	〔he, she, it や単数名詞等とともに使って〕 1. ～です、～だ、～である / 2. 〔there, here とともに使って〕（～に）…がいる［ある］
動詞	join	1. ～に加わる、参加する / 2. ～をつなぐ
動詞	judge	(物のよしあしを)判断する
動詞	jump	とぶ、とび超える、はねる
動詞	keep	1. (法律・慣習・命令など)を守る、保存する、保つ、しまっておく / 2. ～をもち続ける、ずっと～である、～している
動詞	kick	～を蹴る
動詞	kid	からかう、冗談を言う
動詞	kill	～を殺す
動詞	knit	編む、編み物をする
動詞	knock	ノックする、たたく
動詞	know	～を知っている、わかる
動詞	land	着陸する
動詞	last	続く
動詞	laugh	笑う
動詞	lay	(卵を)産む
動詞	lead	指揮をする、先頭に立つ
動詞	learn	1. ～を学ぶ、習う、覚える / 2. 知る、聞く
動詞	leave	1. ～を出発する、出る、去る / 2. ～を残す、～を置いていく / 3. （学校・仕事など）をやめる
動詞	lend	～を貸す
動詞	let's	（let us を短くした形）～しましょう
動詞	lie	（人・動物が）横たわる、横になる
動詞	lift	持ち上げる
動詞	like	～を好む、～が好きだ
動詞	listen	〔listen to ～ の形で〕 ～を聞く、耳を傾ける
動詞	live	1. 住んでいる、暮らしている、生活する / 2. 生きる、生きている
動詞	locate	(何かをある場所に)置く、be　located in ～で　～に位置する、、～にある
動詞	lock	lock up~で　～を閉じ込める、監禁する
動詞	look	1. （意識的に）見る 〔look at ～ の形で〕～を見る / 2. 〔look + 形容詞の形で〕　（外見が）～に見える / 3. 〔look for ～ の形で〕～をさがす / 4. 《人の注意をひくときに使って》 ねぇ、ほら見て
動詞	lose	1. ～を失う　[lose one's wayの形で]道に迷う / 2. (勝負に）負ける
動詞	love	1. ～を愛する、～が大好きである / 2.　〔I would love to do ～の形で〕～したいと思う
動詞	make	1. ～を作る / 2. ～を…にする　〔make A B の形で〕 Ａ［人・ものなど］をＢにする　〔ただし A＝B の関係が成り立たない場合は、「ＡにＢを作ってあげる」の意味になる〕 / 3. 〔動作を表す名詞を目的語として〕～をする　〔たとえば make a wish の形で〕 願いごとをする / 4. ～を得る、作る　〔たとえば make friends （with ～) の形で〕 (～と）仲良しになる / 5. ～を整える、用意する 〔たとえば make tea の形で〕 お茶を入れる / 6.［たとえばmake A of Bの形で］BでAを作る / 7.［たとえばmake A from Bの形で］BからAを作る / 8.［たとえばmake A into Bの形で］AでBを作る / 9.～をもたらす、生じさせる
動詞	manage	どうにかやっていく、なんとかうまく～する
動詞	marry	結婚する
動詞	mean	1. ～を意味する、表す / 2. ～のつもりで言う、～をさして言う
動詞	meet	1.～に会う、面会する / 2.～と知り合いになる
動詞	melt	溶ける
動詞	miss	1.　乗りそこなう、取り［見・聞き］そこなう､欠席する / 2.　～がいなくてさびしく思う
動詞	mistake	～を間違える　［mistake A for Bの形で］AをBと間違える
動詞	mix	～を混ぜる
動詞	move	1. 動く、移動する / 2. ～を感動させる / 3.引っ越す
動詞	name	〔name A B の形で〕ＡをＢと名づける、呼ぶ
動詞	need	～が必要である　　[need to～の形で］～する必要がある
動詞	nod	うなずく
動詞	notice	気がつく
動詞	open	1. あける、広げる / 2. 開く、あく / 3. 開始する
動詞	order	命ずる、注文する
動詞	organize	組織する、準備する
動詞	overcome	打ち勝つ、乗り越える
動詞	package	(製品など)(…で）包装する
動詞	paint	(絵の具で絵)をかく
動詞	panic	うろたえる、あわてふためく
動詞	pardon	～を許す 〔Pardon me?の形で〕 すみませんが、もう一度言ってください。
動詞	park	(自動車）をとめておく､駐車する
動詞	pass	1. ～を手渡す､回す / 2. ～経過する / 3. 通り過ぎる、通る
動詞	pay	支払う、払う
動詞	perform	演じる、演奏する
動詞	photograph	写真を撮る
動詞	pick	1. ～を摘む、つみ取る / 2. ～を選ぶ / 3. 〔pick up ～ の形で〕～を拾い上げる、～を車で迎えに行く
動詞	place	置く、並べる
動詞	plan	～を計画する
動詞	plant	～を植える
動詞	play	1. (スポーツ・ゲームなど)をする / 2. (曲・楽器など)を演奏する / 3. 遊ぶ / 4. ～（の役）を演じる
動詞	point	指さす､さし示す
動詞	post	（ウエブ上に写真などを）投稿する、投函する
動詞	practice	（～を）練習する
動詞	pray	祈る
動詞	prefer	（～のほうを）好む、選ぶ
動詞	prepare	準備をする
動詞	produce	～を産み出す、生産する
動詞	protect	～を守る、保護する
動詞	pull	～を引く
動詞	punish	罰する
動詞	push	～を押す
動詞	put	～を置く、つける　 　〔過去形、過去分詞形も put〕
動詞	quit	やめる、去る　〔過去形、過去分詞形もquit〕
動詞	quiz	～に簡単なテストを行う、～に質問する
動詞	rain	雨が降る 　〔it が主語になる〕
動詞	raise	1.～を上げる　 　〔たとえば Raise your hand. の形で〕 手を上げなさい / 2. （子どもを）育てる
動詞	read	～を読む 〔発音は ［ri:d］〕
動詞	realize	実感する、理解する
動詞	receive	～を受け取る、もらう
動詞	recognize	～を認める、評価する
動詞	recycle	～を再生する、～を再利用する
動詞	reduce	～を小さくする、下げる、減らす
動詞	relax	くつろぐ、リラックスする
動詞	release	〔ＣＤ／レコードを〕発売する
動詞	remain	残る、とどまる
動詞	remember	～を思い出す、覚えている、忘れない
動詞	remind	思い出させる、気づかせる
動詞	remove	～を取りはずす、～を取り除く、～をかたづける
動詞	reply	～と答える
動詞	report	～を報告する、報道する
動詞	rescue	救い出す、救助する
動詞	respect	～を尊敬する、～を大切にする
動詞	respond	こたえる
動詞	rest	休む、横になる
動詞	return	帰る、戻る
動詞	reuse	～を再利用する
動詞	ride	～に乗る
動詞	ring	鳴る　〔過去形rang〕
動詞	rise	（太陽などが）のぼる
動詞	roll	巻く、くるむ
動詞	rule	～を支配する、統治する
動詞	run	1. (人・動物が）走る　　〔過去分詞もrun〕 / 2. ～を経営する / 3. （川などが）流れる
動詞	save	1. (危害・困難などから人・物・自然など)を救う / 2. (エネルギー･時間など)を節約する、無駄にしない
動詞	say	1. 〔人が主語で〕～と言う / 2. 〔物が主語で〕～と書いてある、示している
動詞	scare	～を怖がらせる
動詞	score	〔競技、試験などで～点を〕取る、得点する
動詞	search	さがす 〔search for ～で〕～をさがす
動詞	see	1. ～を見る、見物する / 2. ～が見える / 3. ～が分かる、理解する / 4. ～に会う
動詞	seem	～のように見える、～のように思われる
動詞	select	選ぶ、選択する
動詞	sell	～を売る
動詞	send	～を送る
動詞	sent	〔sendの過去形、過去分詞形〕
動詞	separate	～を分ける
動詞	set	～を準備する
動詞	shake	～を振る
動詞	share	いっしょに使う、共有する、互いに分け合う
動詞	she	彼女は［が］、あの女の人は［が］、あの女の子は［が］
動詞	shine	光る、輝く
動詞	shock	ショックを与える
動詞	shoot	～を撃つ
動詞	shop	買い物をする　〔例えば go shopping の形で〕 買い物に行く
動詞	shout	～と叫ぶ、大声で言う
動詞	show	1. ～を見せる、示す、教える 〔show A B の形で〕ＡにＢを見せる / 2. ～を案内する
動詞	shut	～を閉める、閉まる 　〔過去形、過去分詞形もshut〕
動詞	sigh	ため息をつく
動詞	sing	（～を）歌う
動詞	sit	すわる、腰をおろす
動詞	skate	スケートですべる、スケートをする
動詞	sleep	眠る
動詞	smell	～のにおいがする
動詞	smile	ほほえむ、にっこり笑う、微笑する
動詞	solve	～を解決する
動詞	sort	～を分類する、えり分ける
動詞	sound	～に聞こえる、～に思われる
動詞	speak	(ことば)を話す、話をする
動詞	spell	(文字など)をつづる
動詞	spend	1. (お金）を使う、費やす / 2. (時間・日など) を過ごす、送る
動詞	spread	広がる
動詞	stand	1. 立っている / 2. 立つ / 3.我慢する､耐える
動詞	start	1. 始まる 〔自動詞〕 / 2. ～を始める 〔他動詞〕
動詞	stay	1. (場所に)とどまる / 2. 滞在する、泊まる
動詞	step	（一歩・少し）歩む
動詞	stop	1. とまる 〔自動詞〕 / 2. ～をやめる、とめる 〔他動詞〕
動詞	strive	懸命に努力する
動詞	study	～を勉強する、調べる、研究する
動詞	suffer	苦しむ
動詞	suggest	提案する
動詞	support	(人や考え)を支持する、支援する
動詞	surf	サーフィン〔波乗り〕をする
動詞	surprise	～を驚かす、びっくりさせる　 〔be surprised at ～ の形で〕 (知らせなど)に驚いている
動詞	surround	～を囲む、取り巻く
動詞	survive	生き残る
動詞	swallow	～をごくりと飲み込む
動詞	swim	泳ぐ
動詞	take	1. (時間、労力)がかかる / 2. ～を持っていく、連れて行く / 3. (乗り物)に乗る、乗っていく / 4. (写真)をとる / 5. 買う / 6. 服用する / 7. ～をする、行う　〔take a bathの形で〕風呂に入る / 8. （試験、授業などを）受ける / 9. 持って行く、持ち去る / 10. 受け取る
動詞	talk	話す、話をする
動詞	taste	1. 味わう、食べる / 2. （～の）味がする
動詞	teach	～を教える　 〔teach A B の形で〕 ＡにＢを教える
動詞	tell	1. ～に話す、～を話す、教える　〔tell Ａ Ｂの形で〕 Ａ［人］にＢ［ものごとなど］を話す / 2. 〔tell Ａ to do ～の形で〕 Ａ［人］に～するように言う
動詞	thank	～に感謝する
動詞	think	～と考える、思う
動詞	touch	～にさわる、触れる
動詞	train	1. ～を訓練する / 2. 練習する
動詞	translate	～を翻訳する、訳す
動詞	trap	～をわなで捕まえる、閉じこめる
動詞	travel	旅する、移動する
動詞	trust	～を信頼する
動詞	try	～をやってみる、挑戦する、ためしてみる、(try to～の形で）～しようとする
動詞	turn	1. 曲がる、向きを変える / 2. 回る、回転する / 3. 回す、ひねる
動詞	understand	～を理解する、～がわかる
動詞	unplug	（～の）プラグを（コンセントから）抜く
動詞	upset	気を動転させる、うろたえさせる
動詞	use	～を使う
動詞	visit	1. (場所、人など)をおとずれる / 2. (ウェブサイトなど)をおとずれる
動詞	wait	待つ　　〔wait for ～の形で〕～を待つ
動詞	wake	〔wake you up〕あなたを起こす
動詞	walk	1. 歩く、歩いて行く［来る］ / 2. 散歩させる
動詞	want	1. ～がほしい / 2. 〔want to do ～の形で〕 ～したい / 3. 〔want A to do ～の形で〕 Ａ［人］に～してほしい
動詞	wash	～を洗う
動詞	watch	1. (注意して、動いているもの)を見る / 2. ～見はる
動詞	water	～に水をやる
動詞	wear	～を着ている、身につけている
動詞	welcome	歓迎する
動詞	whisper	（～と）ささやく、ひそひそ声でで言う
動詞	whistle	口笛を吹く、口笛を吹くように鳴く
動詞	win	勝つ、～を勝ち取る
動詞	wish	～を願う、望む　〔たとえば I wish you a happy new year.の形で〕新年おめでとう
動詞	wonder	（～する）かしら（と思う）、～かどうかを知りたいと思う
動詞	work	1. 働く、勉強する / 2. うまくいく、機能する、作動する、動く
動詞	worry	心配する、悩む
動詞	wrap	包む、包装する
動詞	write	～を書く
助動詞	am	1. 〔現在進行形やbe going to do ～の形で用いる〕 / 2. 〔受け身の文を作る〕
助動詞	are	1. 〔現在進行形やbe going to do ～の形で用いる〕 / 2. 〔受け身の文を作る〕
助動詞	be	1. 〔進行形 (be+doing) や be going to do ～の形で用いる〕 / 2. 〔受け身(be+ 過去分詞) の形で用いる〕
助動詞	can	1. ～できる、～してもよい / 2. 《許可を表して》 〔Can I ～? の形で〕 ～してもよいですか / 3. 《依頼を表して》 〔Can you～? の形で〕 ～してくれますか / 4. よく～である、～でありうる
助動詞	cannot	～できない
助動詞	could	〔can の過去形〕 / 1. 《ていねいな依頼として》 〔Could you ～? の形で〕 ～していただけませんか / 2. 《能力・可能を表して》 ～することができた
助動詞	did	〔doの過去形で、疑問文や否定文を作るのに使う〕
助動詞	do	1. 〔疑問文と応答に用いる〕 / 2. 〔否定文に用いる〕 / 3. 〔否定の命令文を作る〕 / 4. 〔前に出た動詞句をくり返す代わりに用いる〕 / 5. [付加疑問文で]　(～は…する)ね。
助動詞	does	〔主語が3人称単数の時の do の形で、疑問文や否定文を作るのに使う〕
助動詞	has	〔現在完了の文において、主語が３人称単数の時の has の形で、疑問文や否定文を作るのに使う〕
助動詞	have	1. 〔have＋過去分詞の形で〕 《ある動作や状態が、過去から現在までずっと続いていることを表して》 ずっと～している、ずっと～だ / 2. 〔have＋過去分詞の形で〕 《ある動作や状態が終わったこと、またそれが終わった今の状態を示して》 （ちょうど）～したところだ、（もう、すでに）～してしまった / 3. 〔have＋過去分詞の形で〕 《過去から現在までにした経験を表して》 ～したことがある
助動詞	is	1. 〔現在進行形やbe going to do～ の形で用いる〕 / 2. 〔受け身の文を作る〕
助動詞	may	1. ～かもしれない、することがある / 2. 〔May I ～? の形で〕 ～してもよいですか
助動詞	must	1.～しなければならない / 2.～に違いない / 3. (must notの形で)～してはならない
助動詞	shall	《相手の意思をたずねて》　〔Shall I do ～ ?の形で〕 (私が）～しましょうか　　《Weの中に相手を含め、相手の意思をたずねて》　〔Shall we do ～?〕　(私たちは）～しましょうか
助動詞	should	～したほうがよい、～すべきである
助動詞	shouldn't	〔should notの短縮形〕～するべきではない
助動詞	will	1. 《意思未来を表して》 ～するつもりである / 2. 《単純未来を表して》 ～でしょう / 3. 《習性・真理・必然性を表して》 ～するものだ、決まって～する
助動詞	would	1. 〔would like to do～ の形で〕～したいと思う / 2. 〔Would you like ～? の形で〕～はいかがですか / 3. [Would you～？の形で]～してくださいますか？ / 4. [過去の否定文で]どうしても～しようとしなかった
形容詞	able	〔be able toの形で〕 ～することができる
形容詞	afraid	1. 〔be afraid of ～ の形で〕 ～をおそれる、こわがる、心配する / 2. 〔I am afraid ～の形で〕　残念ですが［すみませんが］ ～（と思います）
形容詞	African-American	アフリカ系アメリカ人の
形容詞	all	1. 全～、～全体 / 2. 全ての、あらゆる
形容詞	alone	ただ１人の
形容詞	amazing	驚くべき、目を見張らせる
形容詞	American	アメリカ人の、アメリカの
形容詞	ancient	古代の
形容詞	angry	怒った、腹を立てた
形容詞	another	1. もう１つの / 2. 別の、異なった、ほかの
形容詞	any	1. 〔疑問文で〕 何か（の）、少しでも / 2. 〔肯定文で〕 どのような～でも　　 / 3. 〔否定文で〕 少しも、だれも、何も（～ない）
形容詞	artificial	人工の
形容詞	atomic	原子（力）の　〔atomic bombで〕原子爆弾、原爆
形容詞	bad	1. 悪い / 2. 〔That's too bad. の形で〕 残念だ。お気の毒に。
形容詞	beautiful	美しい、きれいな、すばらしい
形容詞	best	1. 〔goodの最上級〕最もよい / 2. 〔（With) Best wishesの形で〕
形容詞	better	〔good, well (具合がよい）の比較級として〕 よりよい、より優れた、より具合［体の状態］がよい、より上手な
形容詞	big	1. 大きい / 2. （程度が）すごい、大～ 〔たとえば a big fan の形で〕 大ファン
形容詞	billion	10億の
形容詞	black	黒い、黒人の
形容詞	blind	目の不自由な
形容詞	blue	1. 青い / 2. 青ざめた、ゆううつな
形容詞	boring	たいくつな
形容詞	brave	勇敢な
形容詞	bright	かがやいている、明るい
形容詞	British	英国（人）の、イギリス（人）の
形容詞	brown	茶色の
形容詞	busy	忙しい
形容詞	capital	大文字の
形容詞	careful	注意深い、慎重な
形容詞	cheap	安い、安っぽい
形容詞	cheerful	（生活などが）明るい、快活・陽気な
形容詞	Chinese	中国の、中国人の、中国語の
形容詞	classic	古典的な、代表的な
形容詞	clean	きれいな、清潔な、クリーンな
形容詞	clear	1. 澄んだ、晴れた / 2. はっきりした、（話しの内容・事実など）明らかな
形容詞	clever	りこうな
形容詞	close	1. 近い、接近した、親密な、親しい / 2. 接戦の、互角の
形容詞	cloudy	曇りの
形容詞	cold	寒い、冷たい
形容詞	comic	喜劇の　〔comic storytelling で〕話芸
形容詞	common	ふつうの、よくある、ありふれた、平凡な
形容詞	convenient	便利な、使いやすい、好都合な
形容詞	cool	1. 涼しい / 2. かっこいい、すてきな
形容詞	crowded	混雑した、満員の
形容詞	cute	かわいい、かわいらしい
形容詞	daily	毎日の、日々の、日常の
形容詞	dangerous	危ない、危険な
形容詞	dark	1. （光がなくて）暗い / 2. （色が）濃い
形容詞	dead	死んだ、死んでいる
形容詞	dear	《手紙の書き出しとして》 ～様、拝啓、親愛なる
形容詞	deep	深い
形容詞	delicious	おいしい
形容詞	depressed	落胆した、元気をなくした
形容詞	different	1. さまざまな、いろいろな、別々の / 2. ちがった、異なる
形容詞	difficult	難しい、困難な
形容詞	displaced	故国を追われた、難民の
形容詞	down	元気のない
形容詞	dressed	服を着た　〔get dressed で〕服を着る
形容詞	each	それぞれの、各～
形容詞	early	早い
形容詞	eastern	東の、東部の、東方の
形容詞	easy	やさしい、簡単な
形容詞	efficient	効率のよい、能率的な
形容詞	eight	8つの
形容詞	eighteen	18の
形容詞	eighteenth	18番めの
形容詞	eighth	8番めの
形容詞	eighty	80の
形容詞	elderly	年配の、高齢の
形容詞	elementary	基本の、初級の
形容詞	eleven	11の
形容詞	eleventh	11番めの
形容詞	embarrassed	恥ずかしい、気まずい
形容詞	empty	からの、からっぽの
形容詞	English	英語の、英国の、イングランドの
形容詞	enough	十分な、必要なだけの、ちょうどいい数［量］の
形容詞	equal	平等な
形容詞	every	〔名詞の単数形につけて〕 どの～もみな、～ごとに、毎～
形容詞	excellent	非常に優れた、優秀な
形容詞	excited	わくわくした、興奮した
形容詞	exciting	とてもおもしろい、わくわくするような
形容詞	expensive	高価な
形容詞	fair	公正な
形容詞	famous	有名な
形容詞	fast	(速度が) 速い、短時間で終わる
形容詞	favorite	いちばん好きな、お気に入りの、大好きな
形容詞	fifteen	15の
形容詞	fifteenth	15番目の
形容詞	fifth	5番目の
形容詞	fifty	50の
形容詞	final	最後の、最終の
形容詞	fine	1. すばらしい / 2. 晴れた　 / 3. 元気な、調子のよい / 4. 結構な、構わない
形容詞	first	1番目の、最初の
形容詞	five	5つの
形容詞	fluffy	ふわふわした、柔らかい
形容詞	foreign	外国の
形容詞	former	以前の、前の、昔の
形容詞	forty	40の
形容詞	four	4つの
形容詞	fourteen	14の
形容詞	fourth	4番目の
形容詞	free	1. 自由な［で］ / 2. ひまな［で］、時間がある / 3. 無料の［で］
形容詞	French	フランスの、フランス人の、フランス語の
形容詞	fresh	新鮮な、新しい
形容詞	friendly	親しみのある、好意的な、友好的な
形容詞	full	いっぱいの
形容詞	funny	面白い、愉快な
形容詞	future	未来の、将来の
形容詞	glad	うれしい
形容詞	global	地球の,地球規模の、世界規模の
形容詞	gold	金の
形容詞	good	1. よい、すぐれた / 2. 行儀がよい / 3. おいしい / 4. りっぱな、正しい / 5. 十分な / 6. 〔Good morning.〕おはようございます / 7. 非常に親しい 〔a good friendの形で〕仲良し / 8. ためになる、よい / 9. 楽しい､愉快な / 10. 上手な、うまい、得意な　(特にbe good at ～の形で)
形容詞	gray	灰色の、ねずみ色の
形容詞	great	1. すばらしい、みごとな / 2. 《程度を示して》多大な、非常な、（びっくりするほど）大きい
形容詞	green	1. 緑（色）の / 2. 植物の生えた
形容詞	happy	1. 幸せな､うれしい､たのしい / 2. おめでとう 〔たとえば Happy New Year! 等の形で〕 新年おめでとう
形容詞	hard	1. 難しい、骨の折れる、困難だ / 2. つらい、耐えがたい、苦しい / 3. 一生懸命な / 4.固い
形容詞	Hawaiian	ハワイの,ハワイ人の,ハワイ語の
形容詞	heavy	重い
形容詞	helpful	役に立つ、助けになる
形容詞	high	1. （高さ・値段・程度・地位が）高い / 2. 高さが～で
形容詞	home	家庭の、家庭用の
形容詞	homesick	うちを恋しがる、故郷を慕う、ホームシックの
形容詞	hopeless	絶望した
形容詞	hot	1. 熱い / 2. 暑い
形容詞	huge	巨大な
形容詞	humid	蒸し暑い
形容詞	hundred	100の
形容詞	hungry	お腹がすいた、飢えた
形容詞	iced	〔飲みものが〕(氷で)冷やした
形容詞	important	重要な、重大な、大切な
形容詞	impossible	不可能な、ありえない
形容詞	impressive	印象的な、深い感動を与える
形容詞	Indian	インド(人）の
形容詞	industrial	産業の
形容詞	intense	激しい、厳しい、強烈な
形容詞	interested	興味をもった､関心がある　〔be interested in～の形で〕 ～に興味がある
形容詞	interesting	《人に知的な興味をあたえるような意味で》 おもしろい、興味深い
形容詞	international	国際的な、万国共通の
形容詞	Italian	イタリアの、イタリア人の
形容詞	itchy	かゆい
形容詞	Japanese	日本の、日本人の、日本語の
形容詞	junior	下級の、年下の
形容詞	kind	親切な、やさしい
形容詞	Korean	韓国・朝鮮（人）の、韓国・朝鮮語の
形容詞	large	（広くて）大きい
形容詞	last	1. 先～、昨～、（時間的に）この前の / 2. 最後の
形容詞	late	遅れた、遅刻した、遅い、最近の
形容詞	latest	最新の
形容詞	least	littleの最上級
形容詞	left	左の
形容詞	less	littleの比較級、より少ない
形容詞	light	1. 明るい / 2. 軽い
形容詞	limited	限られた、有限の
形容詞	little	1. 〔a little＋数えられない名詞で〕 (量が) 少しの、少量の / 2. 〔 a をつけないで〕 ほとんど～ない / 3. 小さい、かわいらしい / 4. 年少の、幼い / 5. ささいな
形容詞	living	生きている
形容詞	lonely	孤独な、さびしい
形容詞	long	1. (時間・長さ・距離が)長い / 2. 長さが～で
形容詞	loud	（声、音などが）大きい
形容詞	low	低い
形容詞	lucky	運のいい、ついている
形容詞	magic	手品の
形容詞	main	おもな、主要な
形容詞	majestic	荘厳な、堂々とした
形容詞	major	(他と比べて)大きな、主要な、重要な
形容詞	many	多くの、多数の
形容詞	memorial	記念の
形容詞	million	百万の
形容詞	missing	紛失した、行方不明の
形容詞	model	模型の
形容詞	more	1. もっと多くの 〔many, much の比較級〕 / 2. 〔しばしば数詞または some のあとで〕あと～の
形容詞	most	1. 最も多くの〔many, much の最上級〕 / 2. ほとんどの、たいていの
形容詞	much	1. (量が)多くの、たくさんの / 2. 〔How much～? の形で〕 いくら～か
形容詞	mysterious	ふしぎな、不可解な
形容詞	narrow	(幅が)せまい
形容詞	national	1. 国の、国民の / 2. 全国的な
形容詞	native	(国、言語などが)生まれたときからの
形容詞	natural	自然な、当然の、普通の
形容詞	naughty	いたずらな、わんぱくな
形容詞	necessary	必要な、なくてはならない
形容詞	nervous	緊張して、神経質な、ドキドキして、臆病な
形容詞	new	新しい、新任の、見慣れない
形容詞	next	次の、今度の
形容詞	nice	1. よい、すてきな / 2. 〔Nice to meet you. の形で〕 はじめまして / 3. （～に対して）親切な、優しい、思いやりがある
形容詞	nine	９つの
形容詞	nineteen	19の
形容詞	ninety	90の
形容詞	ninth	9番目の
形容詞	no	１人［１つ］も～ない、少しの～もない
形容詞	non-native	(話し手が）母語によらない
形容詞	northern	北部の
形容詞	OK	よくて､だいじょうぶで
形容詞	old	1. 古い､古くからの､昔の / 2. ～歳の(years oldの形で）､創立～年の / 3. 年をとった、年上の
形容詞	one	1. １つの､１人の / 2. ある～
形容詞	only	唯一の､ただ１つ［１人］の
形容詞	open	あいている、（店などが）営業中の［で］
形容詞	opposite	反対の
形容詞	ordinary	普通の
形容詞	original	独自の
形容詞	other	1. 〔the other～ の形で〕 《２つのものについて》 もう一方の～ 《３つ以上のものについて》 残りの～ / 2. ほかの、他の
形容詞	own	～自身の　 〔たとえば my own house の形で〕 私自身の家
形容詞	pale	顔色の悪い
形容詞	paralyzed	麻痺した
形容詞	peaceful	平和な、穏やかな
形容詞	perfect	完全な、完璧な
形容詞	personal	個人的な
形容詞	physically challenged	身体に障害のある
形容詞	pink	ピンク色（の）、もも色（の）
形容詞	plastic	プラスチック製の、ビニール製の
形容詞	playful	楽しげな、陽気な
形容詞	political	政治の、政治に関する
形容詞	poor	1. 貧しい / 2. かわいそうな、へたな / 3. 劣った、優れない
形容詞	pop	大衆的な
形容詞	popular	人気がある、流行している､大衆的な
形容詞	positive	積極的な、肯定的な、前向きな
形容詞	possible	可能な、実行できる
形容詞	powerful	力強い、迫力のある
形容詞	pretty	かわいい、きれいな、感じのよい
形容詞	professional	専門（職）の、プロの
形容詞	proud	〔be proud of ～の形で〕～に誇りを持っている
形容詞	public	公の、公共の
形容詞	purple	紫色（の）
形容詞	quick	すばやい、速い
形容詞	quiet	静かな
形容詞	rainy	雨の多い、雨降りの
形容詞	ready	準備ができている
形容詞	real	本当の、本物の
形容詞	red	赤い、赤色（の）、赤
形容詞	regular	正規の、レギュラーの
形容詞	renewable	〔renewable energy で〕再生可能エネルギー
形容詞	responsible	責任を負うべき
形容詞	return	帰りの
形容詞	rich	豊かな、金持ちの
形容詞	ridiculous	とんでもない、ばかげた
形容詞	right	1. 正しい / 2. 健康な、正常な / 3. 〔All right.の形で〕 よろしい、わかった / 4. 右の
形容詞	roast	焼いた、あぶった
形容詞	round	丸い
形容詞	runny	鼻水が出る
形容詞	sacred	神聖な
形容詞	sad	悲しい
形容詞	safe	安全な
形容詞	same	〔the same の形で〕 同じ、同一の
形容詞	scared	（～が）こわい　〔be scared of で〕～がこわい
形容詞	scary	これい
形容詞	second	第２の、２番めの
形容詞	senior	年上の、上級の
形容詞	serious	（病気などが）重い、重大な
形容詞	seven	7、７つの
形容詞	seventeen	17の
形容詞	seventeenth	17の番目の、１７日
形容詞	seventh	７番めの
形容詞	seventy	70、70の
形容詞	several	いくつかの
形容詞	severe	厳しい
形容詞	shiny	輝く、光る
形容詞	short	短い､背が低い
形容詞	shy	内気な、恥ずかしがりの
形容詞	sick	病気の［に］、気分が悪い
形容詞	silent	静かな、沈黙の
形容詞	similar	似ている
形容詞	simple	簡単な、わかりやすい
形容詞	single	たったひとつの
形容詞	six	6の
形容詞	sixteen	16の
形容詞	sixth	6番めの
形容詞	sixty	60の
形容詞	skillful	熟練した
形容詞	sleepy	ねむい、ねむそうな
形容詞	slow	ゆっくりとした、のろい、遅い
形容詞	small	小さい、小さな
形容詞	smart	利口な、賢い
形容詞	snowy	雪の多い、雪の降っている
形容詞	soft	柔らかい
形容詞	solar	太陽の、〔solar power で〕太陽エネルギー
形容詞	some	1. 一部の、中には～もいる［ある］ / 2. いくつかの、いくらかの
形容詞	sore	痛い、ヒリヒリする
形容詞	sorry	1. すまなく思って、残念に思って / 2. 〔疑問文で〕なんとおっしゃいましたか。
形容詞	southeastern	南東の、南東地方の
形容詞	southern	南の
形容詞	special	特別の、特殊な
形容詞	sport	スポーツ（用）の
形容詞	square	四角の、（面積の単位として）…平方
形容詞	stiff	かたい
形容詞	straight	まっすぐな
形容詞	strange	変な、変わった、なじみのない
形容詞	strong	強い
形容詞	successful	成功した
形容詞	such	そのような、このような
形容詞	sunny	晴れた、天気のよい
形容詞	sure	2. 確かな 〔I'm sure ～ の形で〕 ～を確信している
形容詞	surprised	びっくりした、おどろいた
形容詞	surprising	驚くべき、すばらしい
形容詞	sweet	1. (味が)甘い / 2. (音、香りなどが)美しい、心地よい
形容詞	tall	1. 高い、背の高い / 2. 〔高さを表す表現のあとに置いて〕 身長［高さ］が～で
形容詞	ten	10の
形容詞	tender	やさしい
形容詞	tenth	10番めの
形容詞	terrible	ひどい、恐ろしい、こわい
形容詞	Thai	タイの、タイ人の
形容詞	that	その、あの
形容詞	these	1. これらの / 2. 近頃の、〔these days で〕近頃、最近
形容詞	thin	やせた
形容詞	third	３番目の　　　〔third floor で〕３階
形容詞	thirsty	のどが渇いた
形容詞	thirteen	13の
形容詞	thirteenth	13番めの
形容詞	thirtieth	30番目（の）、30日
形容詞	thirty	30の
形容詞	this	1. この / 2.今の、今日の、今度の
形容詞	those	あれらの、それらの
形容詞	thousand	1000の
形容詞	three	3つの
形容詞	tired	1. つかれた / 2. あきた 〔be tired of ～の形で〕～にあきる
形容詞	tough	〔仕事などが〕困難な
形容詞	traditional	伝統的な
形容詞	traveling	巡業する、旅する
形容詞	true	ほんとうの、真実の
形容詞	twelfth	12番めの
形容詞	twelve	12の
形容詞	twentieth	20番目の
形容詞	twenty	20の
形容詞	twenty-eighth	28番目（の）、28日
形容詞	twenty-fifth	25番目（の）、25日
形容詞	twenty-first	21番目（の）、21日
形容詞	twenty-fourth	24番目（の）、24日
形容詞	twenty-second	22番目（の）、22日
形容詞	twenty-ninth	29番目（の）、29日
形容詞	twenty-seventh	27番目（の）、27日
形容詞	twenty-sixth	26番目（の）、26日
形容詞	twenty-third	23番目（の）、23日
形容詞	two	2つの
形容詞	two-year-old	2歳（の）
形容詞	unclean	〔宗教上の〕不浄な、汚い、不潔な
形容詞	unfair	不公平な、不正な
形容詞	unique	独特の、めずらしい
形容詞	upset	気が動転した、取り乱した
形容詞	used	使用済みの、使い古した
形容詞	useful	役に立つ
形容詞	various	様々な
形容詞	vast	広大な
形容詞	warm	暖かい
形容詞	weak	1. 弱い、かすかな / 2. （液体などが）薄い　〔たとえば weak tea の形で〕 薄いお茶
形容詞	welcome	歓迎される　〔You're welcome. の形で〕 どういたしまして
形容詞	well	（体の状態、具合が）よい、健康である
形容詞	western	西の、西部の　(Western で）欧米の
形容詞	what	1. 何の、どんな / 2. （感嘆を表して）なんという～
形容詞	which	どちらの、どの
形容詞	white	白い､白人の
形容詞	whole	（まとまった）全体の、すべての、全～
形容詞	wide	幅の広い
形容詞	wonderful	すばらしい、すてきな、みごとな
形容詞	wooden	木製の、木造の
形容詞	worried	心配した、不安な
形容詞	worse	もっと悪い〔下手な、ひどい〕《 bad の比較級》
形容詞	worst	もっとも悪い〔下手な、ひどい〕《 bad の最上級》
形容詞	worth	〔worth ～ing で〕～するだけの価値がある
形容詞	wrong	1. 間違った / 2. 具合･調子の悪い
形容詞	yellow	黄色い(の)
形容詞	young	若い
形容詞	zero	0の、ゼロの
副詞	a.m.	午前 〔6:45a.m.のように、時刻の後に付ける〕
副詞	about	約～、およそ～、だいたい、ほぼ
副詞	abroad	外国に［へ、で］
副詞	across	横切って、横断して、向こう側に
副詞	actually	実際に(は), 本当に, 現実に
副詞	again	ふたたび、もう一度、また、≪否定文で≫二度と
副詞	ago	（今から） ～前（に）
副詞	ahead	～の前方に
副詞	all	1. 〔all over～ の形で〕　～の至る所で、～一面に / 2. 〔all right の形で〕だいじょうぶな / 3. 〔All right の形で〕 よろしい。わかった。了解した。 / 4. まったく、すっかり、すべて 〔all alone の形で〕 １人ぼっちの / 5. [all about～の形で] ～次第
副詞	all right	よろしい、わかった、了解した
副詞	almost	ほとんど
副詞	alone	1人で
副詞	already	〔ふつうは肯定文で〕すでに、もう
副詞	also	〔ふつうは一般動詞の直前、be動詞・助動詞のあとに用いて〕 ～も（また）
副詞	always	いつも、常に
副詞	any	[not ～ any moreの形で]　もう～ない
副詞	anymore	〔否定文・疑問文で〕今（で）はもう・・・（でない）
副詞	anytime	いつでも
副詞	anyway	とにかく
副詞	anywhere	どこでも
副詞	around	1. ひとまわりして、巡って 、〔たとえば pass around ～の形で〕　～を順々に回す / 2. 近くに、あたりに / 3. あちこち、ぐるりと 〔たとえば run around の形で〕 走り回る / 4. およそ、約～、～ごろ、～くらい
副詞	as	《比較を表して》 〔 as A as B の形で、あとの as が接続詞 〕　Ｂと同じくらいＡな［で］
副詞	away	離れて、去って、向こうへ
副詞	back	戻って、もとの所に、戻して、かえって
副詞	before	以前に、前に、すでに
副詞	below	下の（に、を）　〔below zeroで〕氷点下
副詞	best	〔wellの最上級〕最も上手に、最もよく
副詞	better	〔well の比較級〕よりよく、より上手に
副詞	both	〔both A and B の形で〕 ＡもＢも両方とも
副詞	calmly	静かに
副詞	carefully	注意深く
副詞	certainly	確かに、きっと
副詞	certainly	もちろん、承知しました
副詞	cheerfully	元気よく、楽しそうに
副詞	clearly	はっきり（と）
副詞	close	すぐ近くで、接近して、ぴったりと
副詞	closely	じっと、一心に
副詞	deeply	深く
副詞	differently	（～と）異なって
副詞	down	1. 下へ［に］、下の方へ［に］ / 2. 落ち着いて
副詞	downstairs	階下へ（に、で）
副詞	early	(時間や時期が) 早く
副詞	easily	容易に、簡単に、たやすく、楽々、わけなく
副詞	either	1. 〔否定文の後で〕 ～もまた（…ない） / 2. （either ～ or … の形で） ～か…のどちらか
副詞	else	（その）ほかに［の］ 　 〔たとえば something else の形で〕 何かほかのもの
副詞	enough	(必要なだけ） 十分に、ちょうどよく
副詞	especially	特に、とりわけ
副詞	even	～さえ、～でも
副詞	ever	〔疑問文・否定文で〕これまでに、いつか、かつて
副詞	everywhere	いたるところに、どこでも、どこにも
副詞	exactly	（あいづちとして）そうです、全くそのとおりです
副詞	far	遠く、遠くに　〔far awayの形で〕 遠く離れて
副詞	fast	速く
副詞	finally	最後に、ついに
副詞	first	最初に、第一に
副詞	forever	永久に
副詞	forward	前へ、前方へ / 〔look forward to ～ing の形で〕～するのを楽しみにする。
副詞	hard	1. 熱心に、一生懸命に / 2. 激しく、強く
副詞	here	1. ここで［に］ / 2. 〔Here is ［are］ ～の形で〕ここに～があります / 3. 〔Here's ～ の形で〕 《物を渡して》 はい、～をどうぞ　〔Here you are. の形で〕 《物を渡して》 はい、どうぞ / 4. 〔Here we are. の形で〕 さあ、着きました
副詞	high	高く
副詞	home	家庭（故郷）へ［に］
副詞	how	1. 《状態などをたずねて》どんな状態で、どのように / 2. 《数量・程度などをたずねて》どれくらい、どれほど / 3. 《方法・手段などをたずねて》どうやって、どのように、どんなふうに / 4. 《あとに形容詞や副詞がきて》なんと
副詞	however	≪接続詞的に≫しかしながら、けれども
副詞	in	中へ［に］
副詞	incredibly	信じられないほど、すごく
副詞	indoors	屋内に(で)、家の中に（で）
副詞	instead	（その）かわりに
副詞	just	1. ちょっと、ほんの、ただ～だけ / 2. 〔過去形や現在完了形とともに用いて〕 たった今、ちょうど（～たばかりだ） / 3. ちょうど、まさに
副詞	last	最後に、一番あとに、この前
副詞	late	遅く、遅れて
副詞	later	〔late の比較級のひとつ〕あとで、～後
副詞	left	左に、左の方に
副詞	less	littleの比較級、もっと少なく
副詞	little	〔a littleの形で〕 (量・程度が)少しは、ちょっとは
副詞	long	(時間・長さ・距離が)長く
副詞	maybe	たぶん
副詞	more	もっと〔much の比較級、つづりの長い語の比較級に使う〕
副詞	most	最も〔much の最上級、つづりの長い語の最上級に使う〕
副詞	much	1. 〔very muchの形で〕とても、たいへん、すごく / 2. 〔比較級を強めて〕ずっと、はるかに
副詞	neither	(否定文のあとで）～もまた…（し）ない
副詞	never	決して～ない、今まで（一度も）～ない
副詞	next	1. 次に / 2. 〔next to ～ の形で〕～のとなりに
副詞	no	いいえ、ちがいます、まさか
副詞	north	北へ、北に
副詞	not	～でない、～（し）ない
副詞	now	1. 今、現在 / 2. さて、ところで / 3. 今すぐ / 4. そのとき、今や　*右記例文のnowは「現在」の意味。
副詞	o'clock	～時
副詞	off	《くっついた状態からはなれた状態への変化を表して》はなれて、外れて
副詞	often	よく､しばしば
副詞	OK	1.《提案・依頼などに対する返事として》よろしい、いいよ、わかった / 2. 問題ない、大丈夫
副詞	on	1.《付着を表して》離れず、しっかり　〔たとえばのHold on.形で〕（何かに）つかまって、（電話を）切らないでそのまま待って / 2.《所持･着用を表して》～を身につけて / 3.《継続を表して》先へ、進んで、続けて　〔たとえば go on の形で〕 先を進む、続ける
副詞	once	1. １度、１回 / 2. かつて、以前に
副詞	only	ただ～だけ､ほんの～にすぎない
副詞	originally	元々は、本来は
副詞	out	1. なくなって / 2. 外出して､外に［へ］ / 3. 最後まで、徹底的に
副詞	outside	外で、屋外で
副詞	over	1. 上方に / 2. 向こう側へ、超えて / 3. 終わって / 4. 倒れて、ひっくり返して 〔たとえば Turn over the page. の形で〕 ページをめくりなさい
副詞	overseas	海外へ、外国に
副詞	p.m.	午後 〔2:30 p.m.のように、時刻の後に付ける〕
副詞	past	すれ違って、通り過ぎて
副詞	perfectly	完全に、申し分なく
副詞	perhaps	たぶん
副詞	please	《人に何かを頼む時に》 ～お願いします、どうぞ～してください
副詞	precisely	正確に
副詞	quickly	急いで､速く、すぐに
副詞	quietly	静かに、黙って
副詞	quite	とても、たいへん
副詞	really	1. 非常に、実に､本当に、とても / 2.へぇ
副詞	right	まさに、ちょうど
副詞	right	右に、右側に
副詞	safely	安全に
副詞	second	第２に、２番目に
副詞	short	急に､突然　　〔cut shortで〕～を急に終わらせる
副詞	sincerely	《正式な手紙の結びのことばとして》 敬具
副詞	slowly	ゆっくりと
副詞	so	1. とても、非常に / 2. そんなに、それほど / 3. そう、そのように / 4. 〔～ and so on の形で〕 ～など
副詞	some	〔数詞の前で〕およそ～、約～
副詞	sometimes	ときどき、ときには
副詞	somewhere	どこかに、どこかで、どこかへ
副詞	soon	まもなく、すぐに
副詞	still	今でも、まだ
副詞	still	それでも
副詞	straight	まっすぐに
副詞	strongly	強く
副詞	suddenly	突然、急に、不意に
副詞	sure	《返事に用いて》 いいとも、もちろん
副詞	that	そんなに、それほど
副詞	then	1. そのあとで、それから､次に / 2. そうすれば / 3. それでは / 4. そのとき
副詞	there	1. 〔There is ［are］ ～ の形で〕 ～がある、いる / 2. そこに[で、へ]
副詞	third	３番めに、第３に
副詞	tightly	しっかりと
副詞	today	今日（は）、このごろは
副詞	together	いっしょに
副詞	tomorrow	明日（は）
副詞	tonight	今夜（は）
副詞	too	1. ～もまた、同様に / 2.あまりにも、～すぎる
副詞	truly	本当に、実に
副詞	twice	2回、2度
副詞	up	1. 上へ、上の方へ / 2. 立って、起きて、目覚めて / 3. すっかり、つきて　〔たとえば Time is up.の形で〕 もう時間です［時間切れです］
副詞	usually	たいていは、ふつうは
副詞	very	とても、非常に、たいへん
副詞	well	1. 上手に、うまく / 2. 正しく、りっぱに
副詞	when	いつ
副詞	where	どこに［で、へ］
副詞	why	なぜ、どうして
副詞	yes	1. はい、そうです / 2. そうです、そのとおりです / 3. 《呼びかけなどを受けて》はい
副詞	yesterday	昨日（は）
副詞	yet	1.〔疑問文で〕もう / 2.〔否定文で〕 まだ（～しない）
前置詞	aboard	（乗りものを使って）～に乗って
前置詞	about	《関連を表して》 ～について
前置詞	above	～の上に
前置詞	across	1. 《位置を示して》 ～の向こう側に、～を横切って、（道などを横切った）反対側に / 2. ～のいたるところに、～（の一面）に
前置詞	after	1. 《時間を表して》 ～のあとに［で］　 〔after school の形で〕 放課後 / 2. 《追求を表して》 ～を追って
前置詞	against	1. 《敵対を表して》 ～にさからって、対して / 2. 《反対を表して》 ～に反対して
前置詞	along	1. ～に沿って、～沿いに / 2. ～の上をずっと　〔たとえば　walk along the street　の形で〕　通りを歩く
前置詞	among	～の中で［に］、～の間で［に］
前置詞	around	1. ～の周りに［で］ / 2. ～中（ちゅう）に［で］、～のあちらこちらに［で］、いたるところに［で］
前置詞	as	～として
前置詞	at	1. 《時の一点を表して》 ～に、～時に / 2. 《方向・対象を表して》 ～を 〔たとえば look at ～ の形で〕 ～を見る / 3. 《場所を表して》～で、～に　〔たとえば at home の形で〕 自宅で　 / 4. ～に関して、～の点において、～の点で
前置詞	before	《時間を表して》 ～（より）前に［の］
前置詞	behind	～の後ろに、～の陰に
前置詞	beside	～のそばに
前置詞	between	《場所・時間・関係を表して》 ～の間に［で、の］
前置詞	by	1. 《動作主を示して》 ～によって、～による〔主に受け身の文で〕 / 2. 《位置を表して》 ～のそばに / 3. 《交通・通信などの手段を示して》 ～で、～によって　 / 4. ～までには / 5. ～にもとづいて
前置詞	down	～の下へ［に］、～を通って、～に沿って
前置詞	during	《継続を表して》 ～の間は［に］
前置詞	for	1. 《用途を表して》 ～のために［の］、～用の、～にふさわしい 〔For here. の形で〕 ここで食べます《ファストフード店での会話表現》 / 2. 〔for example の形で〕 たとえば / 3. 《目的を表して》 ～を求めて 〔ask Ａ for Ｂの形で〕 Ａ［人］にＢ［ものごと］を要求する 〔look for ～の形で〕 ～をさがす / 4. 《観点・規準を表して》 ～にとっては、～にしては / 5. 《期間を表して》 ～の間（ずっと） 〔for a long timeの形で〕 長い / 6. 《利益を表して》 ～のための［に］ / 7. 《対象を示して》～に（対して） / 8. 《資格・特性を表して》 ～として / 9. 〔It is ～ for Ａ to do…〕 Ａ［人］が･･･するのは～だ / 10. ≪同等を示して≫～を意味する / 11. ≪原因・理由を表して≫～のために、～が原因で / 12. ≪方向を表して≫～へ向かって / 13. ≪支持、賛成を表して≫～に賛成して / 14. ≪代理を表して≫～のかわりに
前置詞	from	1. 《場所を示して》 ～から / 2. 《出所・起源・由来を示して》 ～から（の）、～出身の / 3. 《時間を示して》 ～から
前置詞	in	1. 《場所・空間・位置・関係を示して》～の中に［で］、～に［で］、～では、～において / 2. 《時期・期間・年代などの時を示して》～に　 / 3. 《分野・限定を示して》～に関して、～について / 4. 《時間の経過を示して》～の後に、～たって、～のうちに / 5. 《状態を示して》～の状態に［で］ / 6. 《行為の対象を示して》～を、～に対して / 7. ≪手段を示して≫～で / 8. ≪着用を示して≫～を身につけて、～を着て / 9. ≪所属を示して≫～に所属して、～に従事して
前置詞	including	（～を）含めて
前置詞	into	1. ～へ［に］, ～の中へ［に、で］ / 2. ≪状態の変化を表して≫～へ、～に（変わって、なって）
前置詞	like	～のような［に］、～に似ている、～に似た
前置詞	near	～の近くの［に、で］
前置詞	of	1. 《性質・属性・起源を表して》 ～の 〔たとえばthe leg of the tableの形で〕テーブルのあし / 2. 《単位・分量・容器などを表して》 ～の　〔たとえば a cup of coffee の形で〕一杯のコーヒー / 3. 《意味上の主語を示して》 ～の　〔たとえば the visit of an ALT〕 ALTの訪問　 / 4. 《意味上の目的語を示して》 ～の　〔たとえば her love of sports の形で〕 彼女のスポーツ愛好　　 / 5. 《同格の関係を表して》 ～の　〔たとえば the city of Goshogawara の形で〕 五所川原市 / 6. 《材料・構成物を表して》 ～の　〔たとえば a family of five の形で〕 ５人家族 / 7. 《全体に対する部分を表して》 ～の（中の） 〔たとえば a member of the baseball team の形で〕 野球部の一員 / 8.［it is A of B to～の形で］～するとはBはAである / 9.～から（離れて）　［たとえばin front of～の形で］～の前 / 10.～で（できている）、～（製）
前置詞	off	～からはなれて
前置詞	on	1. 《手段・方法を示して》 ～で　〔たとえばon TVの形で〕テレビで / 2. 《日付･曜日の前で》 ～に / 3. 《接触を表して》 （～の上）に[で]　〔たとえばa book on the desk の形で〕 机の上の本 / 4. 《状態を表して》 ～中（ちゅう）で、～して　〔たとえばの on my way to school 形で〕 学校へ行く途中で / 5. ～に面して、～に接して 〔たとえばthe building on your left〕 あなたの左手の建物 / 6. ～の一員で / 7.（影響・対象）に対して / 8.～について（の）、～に関する / 9.～で、～（のため）に[たとえばon a tripの形で]
前置詞	over	1. 《ものの上や地域一帯を覆うことを示して》～の上に［で］ / 2. 〔over＋数字の形で〕～以上の / 3. ～の中（じゅう）の［に、を］、～の一面の［に、を］
前置詞	plus	～を加えて
前置詞	since	～以来（ずっと今まで）、～から今日まで
前置詞	than	～よりも、～にくらべて
前置詞	through	1. 《原因・手段を表して》 ～によって、～を通じて / 2. 《期間を表して》 ～の間中（じゅう） / 3. 《通過・貫通》 ～を通して
前置詞	throw	～を投げる
前置詞	to	1. 《動作の対象などを表して》 ～に、～に対して / 2. 《到達点、方向、行き先など》 ～に、～へ、～まで　　 / 3. 〔原因・理由を表す不定詞で〕 ～して / 4. 〔名詞のはたらきをする不定詞で〕 ～すること　　 / 5. 〔形容詞のはたらきをする不定詞で〕 ～するための、するべき / 6. 〔目的を表す不定詞で〕 ～するために / 7. ～にとって　〔たとえば important to all of us の形で〕 私たち全員にとって重要な / 8. ～に合わせて
前置詞	toward	～の方へ、～に向かって
前置詞	under	1. ～の下に［へ、で、の］ / 2．～のもとで、～に従って
前置詞	until	～まで（ずっと）
前置詞	up	～をあがって
前置詞	upon	（基本的な意味は on とほぼ同じ）
前置詞	with	1. 《手段・道具を表して》 ～で、～を使って / 2. 《関連を表して》 ～に関して、ついて / 3. 《付随･所有･属性を表して》 ～のある、を身につけて / 4. 《相手を表して》 ～と　 / 5. 《同伴を表して》 ～といっしょに / 6. 《原因・理由を表して》～が原因で
前置詞	without	～なしで
接続詞	after	(～が…した) あとに［で］
接続詞	also	≪文頭で≫また、さらにその上
接続詞	although	～だけれど
接続詞	and	1. 〔語句を結ぶ〕 ～と… / 2. 〔文を結ぶ〕 そして～ / 3. 〔命令文のあとで〕 そうすれば / 4. 〔～and so on の形で〕 ～など / 5. [同一語を繰り返し用いて]　ますます～、どんどん～
接続詞	as	1. 《比較を表して》 〔 as A as B の形で、前の as が副詞 〕　Ｂと同じくらいＡな［で］ / 2. 《様態を表して》 ～のとおり（に） / 3. 《時を表して》 ～のとき、～しながら
接続詞	because	《理由を示して》（～が）･･･なので、（なぜなら）～が･･･だから
接続詞	before	(～が･･･する）前に
接続詞	but	1. しかし、でも、けれども、だが / 2. [not only～ but also…の形で]　ただ～だけでなくまた…
接続詞	if	《条件・仮定を表して》もし～ならば、仮に～だとすれば
接続詞	nor	～でも…でもない
接続詞	once	一旦～したからには
接続詞	or	1. 〔命令文に続けて〕そうしなければ、そうしないと / 2. 《選択を表して》 ～または・・・、～か・・・
接続詞	since	(～が・・・して）以来、してから（今まで）
接続詞	so	それで、そこで、だから
接続詞	than	～が…する［である］よりも
接続詞	that	～ということ　〔think, know, hope, say などの動詞のあとにきて、しばしば省略される〕
接続詞	until	（～が・・・する）まで（ずっと）
接続詞	when	（～する）ときに
接続詞	while	～する間に（は）
接続詞	from	1. 《場所を示して》 ～から / 2. 《出所・起源・由来を示して》 ～から（の）、～出身の / 3. 《時間を示して》 ～から
接続詞	in	1. 《場所・空間・位置・関係を示して》～の中に［で］、～に［で］、～では、～において / 2. 《時期・期間・年代などの時を示して》～に　 / 3. 《分野・限定を示して》～に関して、～について / 4. 《時間の経過を示して》～の後に、～たって、～のうちに / 5. 《状態を示して》～の状態に［で］ / 6. 《行為の対象を示して》～を、～に対して / 7. ≪手段を示して≫～で / 8. ≪着用を示して≫～を身につけて、～を着て / 9. ≪所属を示して≫～に所属して、～に従事して
接続詞	including	（～を）含めて
接続詞	into	1. ～へ［に］, ～の中へ［に、で］ / 2. ≪状態の変化を表して≫～へ、～に（変わって、なって）
接続詞	like	～のような［に］、～に似ている、～に似た
接続詞	near	～の近くの［に、で］
接続詞	of	1. 《性質・属性・起源を表して》 ～の 〔たとえばthe leg of the tableの形で〕テーブルのあし / 2. 《単位・分量・容器などを表して》 ～の　〔たとえば a cup of coffee の形で〕一杯のコーヒー / 3. 《意味上の主語を示して》 ～の　〔たとえば the visit of an ALT〕 ALTの訪問　 / 4. 《意味上の目的語を示して》 ～の　〔たとえば her love of sports の形で〕 彼女のスポーツ愛好　　 / 5. 《同格の関係を表して》 ～の　〔たとえば the city of Goshogawara の形で〕 五所川原市 / 6. 《材料・構成物を表して》 ～の　〔たとえば a family of five の形で〕 ５人家族 / 7. 《全体に対する部分を表して》 ～の（中の） 〔たとえば a member of the baseball team の形で〕 野球部の一員 / 8.［it is A of B to～の形で］～するとはBはAである / 9.～から（離れて）　［たとえばin front of～の形で］～の前 / 10.～で（できている）、～（製）
接続詞	off	～からはなれて
接続詞	on	1. 《手段・方法を示して》 ～で　〔たとえばon TVの形で〕テレビで / 2. 《日付･曜日の前で》 ～に / 3. 《接触を表して》 （～の上）に[で]　〔たとえばa book on the desk の形で〕 机の上の本 / 4. 《状態を表して》 ～中（ちゅう）で、～して　〔たとえばの on my way to school 形で〕 学校へ行く途中で / 5. ～に面して、～に接して 〔たとえばthe building on your left〕 あなたの左手の建物 / 6. ～の一員で / 7.（影響・対象）に対して / 8.～について（の）、～に関する / 9.～で、～（のため）に[たとえばon a tripの形で]
接続詞	over	1. 《ものの上や地域一帯を覆うことを示して》～の上に［で］ / 2. 〔over＋数字の形で〕～以上の / 3. ～の中（じゅう）の［に、を］、～の一面の［に、を］
接続詞	plus	～を加えて
接続詞	since	～以来（ずっと今まで）、～から今日まで
接続詞	than	～よりも、～にくらべて
接続詞	through	1. 《原因・手段を表して》 ～によって、～を通じて / 2. 《期間を表して》 ～の間中（じゅう） / 3. 《通過・貫通》 ～を通して
接続詞	throw	～を投げる
接続詞	to	1. 《動作の対象などを表して》 ～に、～に対して / 2. 《到達点、方向、行き先など》 ～に、～へ、～まで　　 / 3. 〔原因・理由を表す不定詞で〕 ～して / 4. 〔名詞のはたらきをする不定詞で〕 ～すること　　 / 5. 〔形容詞のはたらきをする不定詞で〕 ～するための、するべき / 6. 〔目的を表す不定詞で〕 ～するために / 7. ～にとって　〔たとえば important to all of us の形で〕 私たち全員にとって重要な / 8. ～に合わせて
接続詞	toward	～の方へ、～に向かって
接続詞	under	1. ～の下に［へ、で、の］ / 2．～のもとで、～に従って
接続詞	until	～まで（ずっと）
接続詞	up	～をあがって
接続詞	upon	（基本的な意味は on とほぼ同じ）
接続詞	with	1. 《手段・道具を表して》 ～で、～を使って / 2. 《関連を表して》 ～に関して、ついて / 3. 《付随･所有･属性を表して》 ～のある、を身につけて / 4. 《相手を表して》 ～と　 / 5. 《同伴を表して》 ～といっしょに / 6. 《原因・理由を表して》～が原因で
接続詞	without	～なしで
冠詞	a	1.　～というもの / 2.　～につき / 3.　1 つの、1 人の〔数えられる名詞の前に置き、ふつう訳さない〕
冠詞	an	1つの、1人の 〔母音ではじまる数えられる名詞の前に置き、ふつう訳さない〕
冠詞	the	1. 〔特定のものや前後関係で何を指すかわかる名詞の前につける〕 / 2. 〔最上級の前につける〕 / 3. 〔唯一のものの前につける〕 / 4. 〔川・複数形の国名など、特定の固有名詞とともに〕
間投詞	bye	じゃあね、バイバイ
間投詞	dear	おや、まあ
間投詞	good	《賛成・満足を表して》 よろしい、そのとおり
間投詞	goodbye	さようなら
間投詞	hello	1. こんにちは / 2. 《電話で》 もしもし 　　 / 3. やあ、あのー、もしもし
間投詞	here	《相手の注意をうながして》ほら、さあ、はい
間投詞	hey	（疑問を表して）えっ
間投詞	hi	やあ、こんにちは
間投詞	Oh	おや、まあ、おお
間投詞	OK	《注意をうながして》ええと､それでは、よろしい、いいとも
間投詞	welcome	ようこそ、いらっしゃい
間投詞	well	1. 《ためらったり、考えるために間を置くときに用いて》 ええと、そうですね、うーん / 2. 《話を切り出すときに用いて》 さて、それでは / 3. まあ
間投詞	what	《驚き、とまどいなどを表して》 えっ、何？
間投詞	wow	〔驚きや喜びを表して〕うわあ、ああ、ま
